farmer_id,district,season,crop_name,ph_level,organic_matter,nitrogen,phosphorus,potassium,soil_type,irrigation_type,land_size,suitability_score,actual_yield
F1000,খুলনা,রবি,আলু,6.0,3.4,137,39,132,এটেল,বৃষ্টিনির্ভর,5.65,6.950000000000003,67
F1001,ময়মনসিংহ,খরিপ,সূর্যমুখী,8.1,3.2,61,40,152,এটেল,নলকূপ,7.88,-11.509999999999991,82
F1002,বরিশাল,শীত,রসুন,6.2,3.3,169,32,225,পডজল,নলকূপ,3.91,-13.719999999999985,83
F1003,কুষ্টিয়া,শীত,সয়াবিন,7.3,1.2,132,53,163,এটেল,নদী,2.09,8.250000000000007,80
F1004,ময়মনসিংহ,শীত,আলু,8.3,1.3,162,16,249,এটেল,নদী,6.31,-17.989999999999995,90
F1005,ঢাকা,রবি,ভুট্টা,5.1,1.9,71,42,159,দোআঁশ,পাম্প,8.89,32.00999999999999,68
F1006,সিলেট,খরিপ,সয়াবিন,7.4,3.5,144,20,177,দোআঁশ,নদী,7.33,9.109999999999992,73
F1007,কুষ্টিয়া,বর্ষা,পেঁয়াজ,7.0,2.9,140,10,265,পডজল,নলকূপ,6.0,23.62000000000001,75
F1008,কুষ্টিয়া,বর্ষা,ভুট্টা,8.4,1.9,175,51,244,দোআঁশ,বৃষ্টিনির্ভর,0.7,30.29,58
F1009,ময়মনসিংহ,খরিপ,সূর্যমুখী,6.4,0.9,176,58,135,বেলে,পাম্প,4.63,-20.22999999999999,51
F1010,খুলনা,বর্ষা,সূর্যমুখী,7.1,1.1,164,31,270,লাল,বৃষ্টিনির্ভর,5.81,-16.230000000000004,55
F1011,বরিশাল,খরিপ,পাট,5.3,0.8,111,25,212,পডজল,নদী,9.86,12.030000000000008,76
F1012,ময়মনসিংহ,রবি,রসুন,8.0,2.3,74,30,173,লাল,নলকূপ,4.54,-3.780000000000001,66
F1013,রাজশাহী,বর্ষা,ধান,7.0,2.9,195,19,192,দোআঁশ,পুকুর,3.11,-5.739999999999995,92
F1014,বগুড়া,শীত,সূর্যমুখী,5.7,2.7,99,22,212,বেলে,পুকুর,7.19,-20.44999999999999,95
F1015,ঢাকা,শীত,সূর্যমুখী,5.6,3.0,119,25,287,এটেল,পুকুর,1.06,-16.46999999999999,50
F1016,ময়মনসিংহ,খরিপ,সয়াবিন,8.4,3.2,118,29,118,বেলে,পাম্প,3.04,-4.190000000000012,73
F1017,রাজশাহী,শীত,ভুট্টা,7.3,2.6,69,24,199,বেলে,বৃষ্টিনির্ভর,1.11,24.67000000000001,95
F1018,ঢাকা,বর্ষা,ভুট্টা,5.2,3.0,167,11,88,দোআঁশ,নলকূপ,0.83,34.330000000000005,51
F1019,সিলেট,রবি,পেঁয়াজ,8.3,1.8,76,14,172,এটেল,পাম্প,4.68,33.059999999999995,85
F1020,রংপুর,খরিপ,গম,8.1,0.6,179,40,117,লাল,বৃষ্টিনির্ভর,2.84,3.4399999999999977,92
F1021,বগুড়া,খরিপ,পেঁয়াজ,5.4,2.6,123,44,142,পডজল,নদী,2.54,16.859999999999992,97
F1022,চট্টগ্রাম,রবি,গম,6.9,2.0,170,39,172,লাল,নলকূপ,5.81,5.040000000000006,77
F1023,রংপুর,খরিপ,গম,8.4,3.3,121,20,209,এটেল,পুকুর,4.45,0.5,62
F1024,ময়মনসিংহ,খরিপ,রসুন,8.0,1.0,198,37,248,দোআঁশ,পাম্প,3.49,-4.680000000000007,60
F1025,বরিশাল,শীত,সয়াবিন,5.0,3.3,180,35,264,পডজল,নদী,2.24,-4.049999999999997,75
F1026,খুলনা,শীত,আলু,6.2,2.0,172,22,198,পডজল,পাম্প,5.28,-9.949999999999989,86
F1027,রংপুর,বর্ষা,সয়াবিন,5.9,2.3,133,35,232,দোআঁশ,পাম্প,1.77,0.9900000000000091,65
F1028,কুষ্টিয়া,বর্ষা,আলু,7.5,3.2,195,39,266,পডজল,পুকুর,6.61,-1.8299999999999983,92
F1029,বরিশাল,বর্ষা,ভুট্টা,7.0,0.6,114,48,283,দোআঁশ,পাম্প,2.72,41.650000000000006,75
F1030,কুষ্টিয়া,শীত,সূর্যমুখী,6.6,0.8,170,34,178,লাল,নদী,2.29,-14.930000000000007,68
F1031,চট্টগ্রাম,রবি,ধান,6.0,0.6,94,19,153,এটেল,পাম্প,3.3,-6.219999999999985,56
F1032,চট্টগ্রাম,রবি,গম,7.2,1.4,198,37,225,লাল,নদী,2.06,-7.059999999999988,88
F1033,খুলনা,রবি,আলু,5.1,1.5,104,20,284,এটেল,পাম্প,0.82,1.1900000000000048,96
F1034,খুলনা,রবি,সয়াবিন,6.5,1.3,51,27,110,লাল,পাম্প,9.81,5.36999999999999,68
F1035,চট্টগ্রাম,খরিপ,আলু,7.9,3.4,146,51,168,বেলে,পাম্প,7.02,-19.33,72
F1036,চট্টগ্রাম,শীত,ধান,5.1,1.6,70,30,214,এটেল,নলকূপ,4.98,-15.64,76
F1037,বরিশাল,রবি,ভুট্টা,6.7,3.2,80,16,107,বেলে,নদী,9.12,24.25,72
F1038,বগুড়া,শীত,সূর্যমুখী,5.7,1.2,84,17,220,দোআঁশ,পাম্প,8.77,-13.13000000000001,97
F1039,বগুড়া,বর্ষা,গম,8.0,2.4,97,56,271,লাল,পুকুর,9.7,-12.11999999999999,93
F1040,খুলনা,রবি,আলু,8.2,2.3,86,15,212,পডজল,নলকূপ,7.23,-18.069999999999993,77
F1041,বগুড়া,রবি,পাট,6.2,3.2,151,22,141,দোআঁশ,পুকুর,7.24,16.050000000000004,79
F1042,রাজশাহী,খরিপ,সূর্যমুখী,6.1,3.2,62,56,118,বেলে,বৃষ্টিনির্ভর,1.17,-12.669999999999987,54
F1043,বগুড়া,খরিপ,সয়াবিন,5.4,1.2,144,28,186,লাল,নলকূপ,5.57,11.409999999999997,90
F1044,রংপুর,বর্ষা,সয়াবিন,7.7,2.0,102,55,189,পডজল,পুকুর,5.68,7.910000000000004,91
F1045,কুষ্টিয়া,বর্ষা,সয়াবিন,5.5,1.8,114,14,182,বেলে,পুকুর,2.35,3.049999999999997,55
F1046,কুষ্টিয়া,শীত,সয়াবিন,7.1,1.9,76,16,300,লাল,নদী,1.73,12.71,96
F1047,সিলেট,খরিপ,সয়াবিন,5.8,0.7,152,54,207,বেলে,নলকূপ,1.21,16.25,71
F1048,রংপুর,বর্ষা,সয়াবিন,7.1,2.1,192,54,259,এটেল,পাম্প,7.15,-1.8699999999999903,79
F1049,সিলেট,শীত,ভুট্টা,6.4,3.2,77,47,250,দোআঁশ,পুকুর,6.21,32.650000000000006,90
F1050,সিলেট,রবি,মরিচ,8.1,1.2,76,17,160,এটেল,পাম্প,2.08,-5.599999999999994,58
F1051,রাজশাহী,খরিপ,মরিচ,6.1,2.2,121,30,194,দোআঁশ,পাম্প,9.27,3.3800000000000097,62
F1052,চট্টগ্রাম,শীত,গম,6.7,1.0,103,22,171,বেলে,পাম্প,5.6,1.3600000000000136,60
F1053,ময়মনসিংহ,রবি,মরিচ,6.5,0.6,93,23,237,পডজল,নদী,3.89,-3.1599999999999966,78
F1054,বরিশাল,শীত,সূর্যমুখী,6.5,2.7,104,48,104,দোআঁশ,নলকূপ,1.11,-8.849999999999994,95
F1055,রাজশাহী,শীত,সূর্যমুখী,7.3,2.7,132,59,231,দোআঁশ,নদী,9.64,-7.349999999999994,70
F1056,খুলনা,রবি,সয়াবিন,5.4,1.8,102,18,230,বেলে,পাম্প,3.02,7.869999999999997,66
F1057,বগুড়া,খরিপ,ভুট্টা,8.4,2.5,140,36,119,দোআঁশ,নদী,1.5,36.470000000000006,76
F1058,ময়মনসিংহ,রবি,রসুন,6.8,2.8,141,30,157,এটেল,নলকূপ,8.77,-15.399999999999991,82
F1059,ময়মনসিংহ,বর্ষা,ভুট্টা,5.9,2.4,188,29,166,লাল,নদী,2.42,35.09,69
F1060,চট্টগ্রাম,শীত,সয়াবিন,5.2,2.4,152,48,265,বেলে,বৃষ্টিনির্ভর,2.69,10.730000000000011,84
F1061,ঢাকা,বর্ষা,রসুন,7.6,2.8,137,58,122,লাল,নলকূপ,5.34,-7.519999999999982,73
F1062,খুলনা,শীত,সয়াবিন,5.9,0.9,55,19,233,দোআঁশ,বৃষ্টিনির্ভর,3.5,11.790000000000006,83
F1063,সিলেট,রবি,গম,8.3,2.3,88,17,175,লাল,নদী,2.82,-10.380000000000003,99
F1064,রংপুর,খরিপ,গম,5.1,0.6,91,56,151,পডজল,নদী,6.94,-3.0,52
F1065,কুষ্টিয়া,বর্ষা,আলু,7.0,3.1,65,28,299,এটেল,পাম্প,5.33,-15.25,84
F1066,ঢাকা,বর্ষা,ভুট্টা,6.1,0.7,129,44,206,দোআঁশ,বৃষ্টিনির্ভর,2.49,30.61,56
F1067,চট্টগ্রাম,রবি,গম,6.1,1.1,91,45,256,পডজল,নলকূপ,3.26,3.5800000000000125,73
F1068,ময়মনসিংহ,রবি,মরিচ,7.0,1.3,145,10,116,দোআঁশ,নলকূপ,4.83,-1.019999999999996,75
F1069,বগুড়া,বর্ষা,গম,5.9,2.3,163,40,138,দোআঁশ,বৃষ্টিনির্ভর,8.78,-2.739999999999995,52
F1070,বগুড়া,রবি,ভুট্টা,5.8,0.9,167,17,154,এটেল,নদী,8.67,37.39,95
F1071,চট্টগ্রাম,বর্ষা,আলু,7.6,3.4,118,45,256,পডজল,নদী,3.93,-15.730000000000004,73
F1072,কুষ্টিয়া,বর্ষা,ভুট্টা,6.8,2.7,147,57,160,এটেল,পুকুর,3.64,31.00999999999999,68
F1073,খুলনা,রবি,পেঁয়াজ,8.1,2.8,117,36,141,বেলে,পুকুর,7.85,31.04,97
F1074,কুষ্টিয়া,শীত,সয়াবিন,7.6,1.7,138,31,92,পডজল,পুকুর,5.88,-0.8699999999999903,65
F1075,কুষ্টিয়া,খরিপ,গম,8.0,2.1,142,48,196,বেলে,নদী,8.67,0.7800000000000153,56
F1076,চট্টগ্রাম,বর্ষা,সয়াবিন,8.4,1.6,62,27,100,দোআঁশ,নদী,4.72,8.830000000000013,93
F1077,সিলেট,খরিপ,রসুন,8.1,1.0,86,50,96,পডজল,নলকূপ,9.42,-16.11999999999999,100
F1078,রংপুর,বর্ষা,সয়াবিন,6.7,2.7,198,42,294,লাল,নলকূপ,5.06,16.790000000000006,67
F1079,রংপুর,বর্ষা,আলু,8.5,2.7,114,13,121,এটেল,নলকূপ,4.36,-1.9299999999999997,69
F1080,রংপুর,শীত,মরিচ,7.6,2.4,57,50,291,বেলে,পাম্প,3.29,-7.9199999999999875,52
F1081,সিলেট,শীত,সয়াবিন,7.1,2.9,56,41,211,বেলে,পুকুর,4.27,5.75,59
F1082,খুলনা,রবি,পেঁয়াজ,5.1,2.8,128,19,153,বেলে,পাম্প,7.59,18.24000000000001,67
F1083,ময়মনসিংহ,শীত,সয়াবিন,8.2,3.3,121,16,215,পডজল,বৃষ্টিনির্ভর,5.77,-4.049999999999997,76
F1084,রংপুর,রবি,সয়াবিন,7.6,1.2,162,10,208,লাল,বৃষ্টিনির্ভর,1.44,9.930000000000014,95
F1085,কুষ্টিয়া,শীত,সূর্যমুখী,7.2,2.6,103,25,172,পডজল,বৃষ্টিনির্ভর,8.13,-9.769999999999982,95
F1086,সিলেট,শীত,সূর্যমুখী,6.0,2.5,82,42,209,দোআঁশ,নদী,7.29,-5.450000000000003,62
F1087,সিলেট,খরিপ,পেঁয়াজ,6.0,0.6,60,11,295,পডজল,পাম্প,3.97,20.459999999999994,86
F1088,সিলেট,খরিপ,রসুন,6.2,0.6,101,37,162,বেলে,নলকূপ,1.15,-17.559999999999988,94
F1089,ময়মনসিংহ,খরিপ,ভুট্টা,7.4,2.9,102,16,155,পডজল,পাম্প,2.23,23.729999999999997,79
F1090,কুষ্টিয়া,বর্ষা,সয়াবিন,7.3,2.6,119,35,108,দোআঁশ,পাম্প,8.47,1.1700000000000088,93
F1091,চট্টগ্রাম,রবি,পেঁয়াজ,5.8,3.4,87,50,293,বেলে,পাম্প,5.32,18.28000000000001,53
F1092,কুষ্টিয়া,শীত,রসুন,8.4,0.5,111,40,258,লাল,নদী,3.35,-3.9399999999999977,58
F1093,ময়মনসিংহ,বর্ষা,রসুন,5.3,2.4,171,53,277,দোআঁশ,নলকূপ,5.38,-20.439999999999998,77
F1094,খুলনা,বর্ষা,রসুন,7.0,3.0,186,49,118,পডজল,পুকুর,1.0,-11.719999999999999,97
F1095,ঢাকা,বর্ষা,পাট,8.1,3.2,182,22,245,পডজল,নদী,8.83,7.57,73
F1096,ময়মনসিংহ,খরিপ,ভুট্টা,8.4,2.8,199,40,215,পডজল,পুকুর,5.83,40.550000000000004,85
F1097,চট্টগ্রাম,খরিপ,আলু,8.3,1.1,68,31,299,বেলে,পাম্প,7.38,-14.269999999999996,60
F1098,খুলনা,রবি,আলু,6.8,3.4,114,42,105,বেলে,পাম্প,0.6,1.8700000000000045,55
F1099,বগুড়া,বর্ষা,আলু,7.6,3.3,77,54,131,দোআঁশ,পুকুর,3.53,-1.3299999999999983,93
F1100,ঢাকা,বর্ষা,ভুট্টা,5.4,0.6,83,38,246,বেলে,নদী,6.09,27.629999999999995,81
F1101,বরিশাল,খরিপ,রসুন,5.2,2.6,159,12,222,লাল,পাম্প,7.24,-20.83999999999999,79
F1102,কুষ্টিয়া,বর্ষা,ভুট্টা,6.1,1.7,95,16,253,এটেল,নদী,3.53,33.43000000000001,80
F1103,সিলেট,শীত,আলু,5.8,2.3,67,44,123,দোআঁশ,বৃষ্টিনির্ভর,0.99,-9.329999999999998,59
F1104,ময়মনসিংহ,খরিপ,রসুন,8.0,2.4,55,50,128,দোআঁশ,নদী,7.17,-9.11999999999999,59
F1105,রংপুর,বর্ষা,পাট,8.0,1.0,193,32,227,এটেল,বৃষ্টিনির্ভর,9.24,9.649999999999999,88
F1106,ময়মনসিংহ,খরিপ,রসুন,6.7,3.5,91,60,227,দোআঁশ,পাম্প,8.95,-0.01999999999998181,77
F1107,কুষ্টিয়া,শীত,রসুন,7.2,2.6,145,55,123,বেলে,পুকুর,0.7,-4.599999999999994,51
F1108,রাজশাহী,খরিপ,রসুন,6.0,3.3,70,27,118,পডজল,নদী,7.04,-2.2800000000000153,69
F1109,চট্টগ্রাম,খরিপ,মরিচ,8.0,2.9,68,14,98,পডজল,পুকুর,9.52,-9.459999999999994,89
F1110,ঢাকা,খরিপ,সূর্যমুখী,6.8,3.3,140,12,80,পডজল,পাম্প,4.73,-19.349999999999994,84
F1111,ময়মনসিংহ,বর্ষা,ভুট্টা,6.5,3.1,66,21,231,বেলে,বৃষ্টিনির্ভর,7.41,23.029999999999994,80
F1112,রংপুর,রবি,সয়াবিন,6.6,2.5,190,39,152,লাল,নদী,9.14,4.090000000000018,86
F1113,ঢাকা,শীত,আলু,6.6,2.3,175,37,263,পডজল,পুকুর,4.23,-5.609999999999999,65
F1114,বগুড়া,রবি,সূর্যমুখী,7.9,0.9,157,14,226,পডজল,পাম্প,5.63,-8.069999999999993,60
F1115,সিলেট,রবি,পেঁয়াজ,7.5,3.0,118,23,131,লাল,নলকূপ,4.59,17.240000000000002,62
F1116,সিলেট,খরিপ,সয়াবিন,5.7,2.6,110,52,234,এটেল,নলকূপ,6.34,12.850000000000001,73
F1117,রংপুর,বর্ষা,সয়াবিন,7.4,1.0,159,10,228,দোআঁশ,নলকূপ,8.74,14.75,75
F1118,কুষ্টিয়া,খরিপ,গম,7.9,3.2,77,54,200,পডজল,নলকূপ,6.28,-8.180000000000007,58
F1119,বগুড়া,রবি,ভুট্টা,7.5,1.3,108,31,107,দোআঁশ,পুকুর,4.19,35.99000000000001,53
F1120,কুষ্টিয়া,বর্ষা,ভুট্টা,5.1,1.7,145,17,111,পডজল,পুকুর,1.82,25.17,74
F1121,ময়মনসিংহ,বর্ষা,রসুন,7.9,1.7,179,19,218,বেলে,বৃষ্টিনির্ভর,0.5,-15.259999999999991,56
F1122,বরিশাল,খরিপ,রসুন,5.7,0.9,191,44,128,দোআঁশ,পুকুর,4.57,-18.539999999999992,68
F1123,ময়মনসিংহ,বর্ষা,গম,7.7,2.8,110,24,133,এটেল,নদী,3.23,-0.539999999999992,80
F1124,রাজশাহী,রবি,আলু,7.0,2.4,157,17,200,দোআঁশ,পুকুর,5.86,-16.50999999999999,71
F1125,রাজশাহী,বর্ষা,রসুন,6.7,3.1,104,14,255,এটেল,নলকূপ,7.66,0.46000000000000796,81
F1126,কুষ্টিয়া,শীত,সয়াবিন,5.9,2.6,52,28,212,বেলে,পাম্প,5.62,3.8699999999999974,100
F1127,রংপুর,খরিপ,পাট,6.7,2.1,51,46,212,পডজল,বৃষ্টিনির্ভর,4.5,8.570000000000007,65
F1128,খুলনা,শীত,গম,5.3,1.6,200,49,130,এটেল,পুকুর,2.84,-2.799999999999997,82
F1129,বরিশাল,বর্ষা,সয়াবিন,7.2,0.6,176,57,133,লাল,পাম্প,3.31,3.730000000000004,53
F1130,খুলনা,খরিপ,সয়াবিন,6.1,1.6,80,14,140,এটেল,নলকূপ,6.49,16.790000000000013,99
F1131,কুষ্টিয়া,খরিপ,পেঁয়াজ,7.6,0.8,119,42,234,দোআঁশ,বৃষ্টিনির্ভর,9.55,27.57999999999999,91
F1132,খুলনা,রবি,ধান,6.5,2.5,179,54,128,দোআঁশ,নদী,5.78,-13.099999999999994,55
F1133,রংপুর,শীত,রসুন,6.6,3.4,72,20,261,লাল,নদী,5.45,-11.879999999999995,93
F1134,কুষ্টিয়া,শীত,সূর্যমুখী,7.8,0.7,52,58,170,পডজল,পাম্প,4.42,-18.53,93
F1135,ঢাকা,খরিপ,রসুন,5.5,1.4,97,26,171,এটেল,নলকূপ,4.88,-8.659999999999997,89
F1136,খুলনা,খরিপ,পাট,5.1,2.9,69,37,103,লাল,নলকূপ,6.82,6.909999999999997,59
F1137,কুষ্টিয়া,শীত,রসুন,6.4,1.8,137,53,181,বেলে,নলকূপ,2.91,-1.5800000000000125,91
F1138,ময়মনসিংহ,শীত,সূর্যমুখী,6.3,3.0,163,55,276,বেলে,নদী,2.05,-14.509999999999991,100
F1139,রাজশাহী,রবি,আলু,5.8,2.9,133,25,97,এটেল,নদী,7.36,-9.689999999999998,54
F1140,চট্টগ্রাম,বর্ষা,আলু,7.6,3.3,121,16,284,এটেল,নদী,9.4,0.5300000000000153,79
F1141,চট্টগ্রাম,খরিপ,সূর্যমুখী,7.8,2.1,94,25,257,এটেল,পাম্প,0.8,-8.269999999999982,69
F1142,সিলেট,রবি,সূর্যমুখী,7.6,1.9,141,18,159,দোআঁশ,নদী,6.72,-16.230000000000004,89
F1143,খুলনা,বর্ষা,আলু,6.0,3.5,162,35,104,এটেল,নদী,7.62,-1.509999999999991,92
F1144,বরিশাল,শীত,সূর্যমুখী,5.7,2.2,158,58,92,দোআঁশ,বৃষ্টিনির্ভর,6.83,-23.450000000000003,99
F1145,ঢাকা,বর্ষা,ভুট্টা,7.8,2.1,147,18,298,বেলে,নদী,4.35,22.010000000000005,62
F1146,রংপুর,শীত,সয়াবিন,6.4,3.2,114,24,189,এটেল,বৃষ্টিনির্ভর,1.24,1.009999999999991,96
F1147,বগুড়া,রবি,সয়াবিন,6.2,2.8,130,51,147,দোআঁশ,পুকুর,2.64,11.610000000000007,57
F1148,ময়মনসিংহ,রবি,মরিচ,5.1,3.3,64,20,244,দোআঁশ,পুকুর,6.0,-10.580000000000013,69
F1149,কুষ্টিয়া,খরিপ,আলু,7.1,2.6,100,32,172,এটেল,নলকূপ,1.73,-14.749999999999986,52
F1150,রংপুর,খরিপ,ধান,7.1,1.7,52,19,219,বেলে,পাম্প,1.33,5.440000000000005,65
F1151,খুলনা,শীত,সয়াবিন,5.7,1.8,93,54,261,এটেল,নদী,6.32,10.930000000000014,76
F1152,রংপুর,খরিপ,পাট,6.5,1.1,109,58,176,পডজল,বৃষ্টিনির্ভর,6.2,2.069999999999993,76
F1153,রাজশাহী,খরিপ,রসুন,6.9,1.7,127,26,88,দোআঁশ,নদী,9.77,-0.11999999999999034,71
F1154,ঢাকা,খরিপ,রসুন,6.9,3.4,139,31,215,লাল,নলকূপ,5.17,-8.699999999999989,94
F1155,চট্টগ্রাম,বর্ষা,সয়াবিন,6.6,3.4,180,43,291,দোআঁশ,নলকূপ,8.36,7.450000000000017,88
F1156,বগুড়া,রবি,গম,5.1,2.6,110,33,145,দোআঁশ,নলকূপ,5.3,-16.25999999999999,55
F1157,ঢাকা,রবি,ভুট্টা,6.9,1.9,175,44,269,পডজল,নলকূপ,1.62,42.81,57
F1158,সিলেট,শীত,সয়াবিন,8.5,0.8,80,16,138,বেলে,পুকুর,2.71,-3.450000000000003,50
F1159,খুলনা,বর্ষা,রসুন,5.1,3.4,79,21,165,দোআঁশ,বৃষ্টিনির্ভর,1.7,-5.100000000000001,91
F1160,কুষ্টিয়া,বর্ষা,আলু,7.9,2.3,200,60,165,দোআঁশ,নলকূপ,1.91,-7.209999999999987,81
F1161,কুষ্টিয়া,রবি,গম,7.6,3.3,150,28,130,পডজল,নদী,4.55,-2.719999999999999,71
F1162,চট্টগ্রাম,বর্ষা,রসুন,6.4,3.5,146,42,229,এটেল,পুকুর,3.04,-9.439999999999998,100
F1163,রাজশাহী,বর্ষা,ধান,5.2,3.2,104,21,120,দোআঁশ,পাম্প,2.86,-0.23999999999999488,84
F1164,বগুড়া,বর্ষা,রসুন,6.7,2.2,183,29,109,পডজল,নদী,2.08,-3.3799999999999955,93
F1165,বরিশাল,রবি,পাট,6.3,2.9,168,43,252,বেলে,পুকুর,7.33,8.350000000000009,57
F1166,খুলনা,বর্ষা,রসুন,8.3,0.8,51,16,104,বেলে,বৃষ্টিনির্ভর,2.93,-9.599999999999987,76
F1167,কুষ্টিয়া,বর্ষা,ভুট্টা,8.5,2.9,173,38,281,দোআঁশ,নদী,2.13,26.35,82
F1168,ময়মনসিংহ,শীত,সূর্যমুখী,8.3,2.7,75,44,121,পডজল,পাম্প,5.43,-17.469999999999985,69
F1169,চট্টগ্রাম,শীত,সয়াবিন,8.3,0.8,194,41,290,বেলে,নলকূপ,8.14,12.110000000000007,99
F1170,বগুড়া,বর্ষা,আলু,7.5,2.6,181,22,217,বেলে,বৃষ্টিনির্ভর,4.66,-6.090000000000003,95
F1171,কুষ্টিয়া,রবি,গম,8.0,2.1,123,58,240,বেলে,বৃষ্টিনির্ভর,9.66,7.0800000000000125,96
F1172,কুষ্টিয়া,বর্ষা,পেঁয়াজ,5.1,0.5,73,49,92,দোআঁশ,নলকূপ,8.2,8.519999999999996,77
F1173,রাজশাহী,শীত,মরিচ,6.5,2.1,55,45,135,বেলে,নলকূপ,8.57,4.519999999999996,67
F1174,কুষ্টিয়া,বর্ষা,আলু,7.0,1.1,56,13,186,বেলে,নদী,4.75,-5.1699999999999875,57
F1175,কুষ্টিয়া,শীত,সয়াবিন,6.0,2.4,155,58,136,এটেল,নদী,9.83,2.5300000000000082,61
F1176,রাজশাহী,খরিপ,গম,7.2,1.7,152,20,188,বেলে,নদী,4.04,5.719999999999992,84
F1177,রাজশাহী,খরিপ,গম,7.3,1.7,152,14,217,বেলে,নদী,4.6,-9.739999999999995,90
F1178,রংপুর,খরিপ,পাট,8.1,0.5,134,60,220,বেলে,নদী,3.75,4.810000000000002,69
F1179,সিলেট,খরিপ,পেঁয়াজ,6.0,2.1,145,53,179,দোআঁশ,নলকূপ,4.56,13.499999999999993,96
F1180,খুলনা,বর্ষা,পেঁয়াজ,6.0,2.1,182,38,205,পডজল,বৃষ্টিনির্ভর,1.09,16.559999999999995,75
F1181,কুষ্টিয়া,বর্ষা,পেঁয়াজ,5.2,3.3,105,60,128,লাল,পুকুর,2.84,19.0,97
F1182,খুলনা,শীত,সয়াবিন,6.5,3.0,58,31,125,দোআঁশ,বৃষ্টিনির্ভর,6.71,8.969999999999999,73
F1183,বগুড়া,রবি,পাট,7.4,2.5,160,13,139,দোআঁশ,পুকুর,1.36,14.630000000000003,60
F1184,বগুড়া,শীত,ভুট্টা,6.4,3.4,142,42,293,এটেল,নলকূপ,9.15,37.629999999999995,64
F1185,খুলনা,রবি,সয়াবিন,7.4,3.0,70,12,103,বেলে,পুকুর,9.58,5.150000000000006,58
F1186,খুলনা,খরিপ,সয়াবিন,5.9,2.5,152,43,247,এটেল,বৃষ্টিনির্ভর,0.56,11.669999999999995,92
F1187,রংপুর,খরিপ,ধান,5.4,1.6,196,15,263,এটেল,নদী,7.2,-16.239999999999995,99
F1188,খুলনা,রবি,আলু,5.4,3.0,198,16,151,পডজল,বৃষ্টিনির্ভর,6.14,-8.409999999999997,58
F1189,রংপুর,খরিপ,ধান,5.5,0.6,175,42,173,পডজল,পুকুর,8.82,-1.3800000000000097,83
F1190,রাজশাহী,রবি,মরিচ,5.9,2.9,117,11,298,পডজল,নদী,5.33,-7.799999999999997,65
F1191,রাজশাহী,শীত,রসুন,5.9,2.2,89,59,95,বেলে,নদী,2.23,-11.559999999999988,51
F1192,বরিশাল,রবি,ভুট্টা,6.9,2.8,128,42,224,এটেল,বৃষ্টিনির্ভর,2.25,35.49000000000001,92
F1193,ঢাকা,খরিপ,সয়াবিন,6.6,1.0,94,25,230,এটেল,পাম্প,7.63,13.870000000000005,87
F1194,চট্টগ্রাম,বর্ষা,রসুন,8.0,1.3,67,19,271,লাল,নলকূপ,5.46,-7.560000000000002,76
F1195,ময়মনসিংহ,রবি,আলু,6.9,1.2,115,11,300,এটেল,বৃষ্টিনির্ভর,3.92,-9.030000000000015,64
F1196,বগুড়া,বর্ষা,রসুন,5.3,3.2,191,27,93,বেলে,পুকুর,2.61,-5.619999999999983,84
F1197,সিলেট,রবি,পেঁয়াজ,5.7,1.3,117,42,175,এটেল,নলকূপ,3.52,10.740000000000002,66
F1198,খুলনা,খরিপ,মরিচ,7.6,2.4,86,26,159,লাল,নলকূপ,1.86,-7.439999999999998,86
F1199,বগুড়া,বর্ষা,রসুন,6.8,2.8,187,30,293,পডজল,নলকূপ,1.46,-10.539999999999992,57
F1200,সিলেট,শীত,সয়াবিন,5.7,1.6,93,13,94,দোআঁশ,বৃষ্টিনির্ভর,3.15,7.030000000000015,55
F1201,রাজশাহী,শীত,ধান,7.6,3.3,168,38,127,দোআঁশ,পাম্প,0.96,-9.280000000000015,90
F1202,কুষ্টিয়া,খরিপ,পেঁয়াজ,7.5,1.1,58,50,119,লাল,পাম্প,8.57,26.119999999999997,71
F1203,চট্টগ্রাম,রবি,সূর্যমুখী,8.1,0.5,165,34,185,এটেল,নদী,8.72,-8.330000000000013,75
F1204,খুলনা,খরিপ,ধান,6.9,1.2,169,44,177,এটেল,বৃষ্টিনির্ভর,7.58,-8.259999999999991,53
F1205,ঢাকা,রবি,পাট,7.3,0.6,186,51,254,পডজল,নদী,8.71,17.369999999999997,63
F1206,সিলেট,শীত,সয়াবিন,7.0,3.1,196,51,120,বেলে,বৃষ্টিনির্ভর,6.82,9.930000000000014,74
F1207,চট্টগ্রাম,শীত,সয়াবিন,8.1,3.0,81,40,240,পডজল,পাম্প,3.39,2.5300000000000153,98
F1208,বগুড়া,রবি,সূর্যমুখী,7.6,0.9,131,49,220,এটেল,নলকূপ,2.74,-19.769999999999982,58
F1209,সিলেট,রবি,গম,6.2,1.8,180,32,257,এটেল,পুকুর,3.86,-3.8799999999999955,78
F1210,কুষ্টিয়া,শীত,সূর্যমুখী,5.7,1.0,146,55,101,বেলে,নলকূপ,5.31,-23.090000000000003,60
F1211,ঢাকা,শীত,পেঁয়াজ,7.5,1.8,87,19,196,এটেল,নলকূপ,8.99,32.300000000000004,50
F1212,খুলনা,বর্ষা,পেঁয়াজ,8.4,1.8,50,34,100,লাল,বৃষ্টিনির্ভর,4.88,12.5,50
F1213,বগুড়া,রবি,ভুট্টা,8.1,2.5,183,52,177,দোআঁশ,পুকুর,0.74,33.290000000000006,66
F1214,চট্টগ্রাম,শীত,ভুট্টা,5.7,3.3,50,56,153,লাল,নদী,9.16,20.85000000000001,60
F1215,খুলনা,খরিপ,সয়াবিন,7.4,1.4,133,43,296,বেলে,বৃষ্টিনির্ভর,6.19,2.210000000000001,97
F1216,খুলনা,রবি,আলু,6.4,2.7,84,26,249,বেলে,পুকুর,5.28,-1.75,53
F1217,চট্টগ্রাম,শীত,সয়াবিন,6.5,1.9,114,58,282,এটেল,পুকুর,2.86,13.290000000000013,70
F1218,কুষ্টিয়া,রবি,আলু,5.1,1.3,133,22,257,পডজল,বৃষ্টিনির্ভর,8.65,-14.89,71
F1219,ঢাকা,শীত,পেঁয়াজ,6.6,0.5,91,22,243,বেলে,নদী,9.58,21.479999999999997,86
F1220,বরিশাল,শীত,রসুন,8.5,3.2,188,27,137,বেলে,নলকূপ,6.72,-10.819999999999993,92
F1221,সিলেট,খরিপ,রসুন,5.6,2.1,50,31,96,বেলে,নলকূপ,1.68,-5.9199999999999875,75
F1222,চট্টগ্রাম,খরিপ,সূর্যমুখী,7.2,1.3,58,31,246,বেলে,বৃষ্টিনির্ভর,6.22,-9.169999999999987,67
F1223,কুষ্টিয়া,বর্ষা,আলু,6.3,1.3,149,48,136,বেলে,বৃষ্টিনির্ভর,1.53,-10.349999999999994,51
F1224,বগুড়া,খরিপ,সয়াবিন,6.0,1.7,67,16,84,পডজল,পাম্প,2.71,13.390000000000008,79
F1225,কুষ্টিয়া,রবি,গম,6.4,1.4,189,21,123,দোআঁশ,নলকূপ,4.42,-8.060000000000002,97
F1226,কুষ্টিয়া,বর্ষা,পেঁয়াজ,6.7,1.1,175,12,89,দোআঁশ,পুকুর,7.14,36.34,59
F1227,রাজশাহী,শীত,রসুন,8.4,1.9,75,15,278,দোআঁশ,নলকূপ,7.87,-20.14,96
F1228,ময়মনসিংহ,বর্ষা,সূর্যমুখী,6.6,2.4,102,20,273,এটেল,পুকুর,4.36,-21.230000000000004,68
F1229,বগুড়া,বর্ষা,আলু,5.1,0.7,146,16,212,পডজল,নলকূপ,6.57,0.23000000000000398,90
F1230,বগুড়া,শীত,ধান,5.0,2.9,174,11,135,দোআঁশ,নলকূপ,4.81,-9.38000000000001,89
F1231,কুষ্টিয়া,শীত,সূর্যমুখী,6.3,1.0,130,54,234,লাল,পাম্প,3.4,-25.430000000000007,53
F1232,কুষ্টিয়া,শীত,সূর্যমুখী,5.1,2.8,185,14,183,এটেল,পুকুর,4.09,-27.40999999999999,73
F1233,ঢাকা,শীত,পেঁয়াজ,7.6,1.4,190,31,263,এটেল,পুকুর,8.48,22.84000000000001,66
F1234,খুলনা,শীত,গম,7.5,2.1,187,23,100,পডজল,নলকূপ,6.28,-1.8400000000000034,71
F1235,বরিশাল,বর্ষা,মরিচ,6.1,1.7,76,17,297,এটেল,পাম্প,6.49,1.8800000000000097,86
F1236,চট্টগ্রাম,শীত,ভুট্টা,6.6,3.0,83,22,142,দোআঁশ,নদী,9.52,21.03000000000001,67
F1237,রংপুর,খরিপ,ধান,7.4,2.9,199,40,185,পডজল,নলকূপ,6.23,-0.7999999999999972,53
F1238,চট্টগ্রাম,বর্ষা,সয়াবিন,8.3,3.3,156,33,113,বেলে,নদী,7.15,8.809999999999995,61
F1239,খুলনা,খরিপ,মরিচ,7.9,3.0,200,16,207,এটেল,পাম্প,9.33,-1.980000000000004,64
F1240,বগুড়া,বর্ষা,রসুন,7.6,2.8,70,28,247,দোআঁশ,পুকুর,2.13,-9.319999999999993,63
F1241,বগুড়া,বর্ষা,ভুট্টা,7.4,2.2,199,50,193,লাল,পাম্প,7.43,28.770000000000003,100
F1242,রংপুর,খরিপ,গম,5.8,2.3,114,57,178,এটেল,নলকূপ,9.27,-9.980000000000004,54
F1243,রাজশাহী,খরিপ,আলু,8.2,0.9,193,24,157,লাল,পাম্প,2.7,-12.009999999999991,60
F1244,সিলেট,খরিপ,রসুন,6.5,3.5,192,21,101,দোআঁশ,বৃষ্টিনির্ভর,0.81,-11.080000000000013,91
F1245,ময়মনসিংহ,বর্ষা,গম,7.9,0.7,110,29,221,লাল,পুকুর,0.7,-13.280000000000001,85
F1246,বগুড়া,শীত,ভুট্টা,5.9,3.4,55,55,168,লাল,পুকুর,6.31,37.550000000000004,86
F1247,খুলনা,শীত,সয়াবিন,7.7,3.0,153,11,300,দোআঁশ,বৃষ্টিনির্ভর,8.78,16.490000000000002,65
F1248,সিলেট,খরিপ,সয়াবিন,7.7,3.2,105,36,250,এটেল,নদী,3.49,14.809999999999995,99
F1249,ময়মনসিংহ,বর্ষা,সূর্যমুখী,7.6,1.7,117,35,95,দোআঁশ,পাম্প,3.14,-5.069999999999979,66
F1250,চট্টগ্রাম,শীত,সয়াবিন,6.3,0.6,186,13,249,বেলে,পুকুর,8.39,18.309999999999995,74
F1251,রাজশাহী,খরিপ,ধান,5.2,1.5,172,20,187,লাল,নদী,6.54,-12.180000000000007,78
F1252,কুষ্টিয়া,শীত,সূর্যমুখী,6.7,2.2,96,55,124,এটেল,বৃষ্টিনির্ভর,8.61,-6.549999999999997,73
F1253,রংপুর,শীত,রসুন,7.1,1.0,151,11,180,দোআঁশ,পুকুর,5.41,-13.859999999999985,67
F1254,রংপুর,খরিপ,রসুন,6.7,2.9,169,14,182,পডজল,নদী,1.13,-2.1199999999999903,78
F1255,বরিশাল,রবি,ভুট্টা,7.8,0.7,107,60,124,লাল,পুকুর,4.55,25.25,75
F1256,খুলনা,বর্ষা,পেঁয়াজ,5.2,3.0,56,23,101,লাল,পুকুর,9.26,25.659999999999997,79
F1257,ময়মনসিংহ,শীত,সয়াবিন,6.6,3.0,182,10,92,বেলে,বৃষ্টিনির্ভর,7.59,10.81000000000001,96
F1258,কুষ্টিয়া,শীত,সয়াবিন,7.2,2.7,183,60,244,পডজল,পুকুর,7.26,16.270000000000003,59
F1259,চট্টগ্রাম,খরিপ,গম,8.0,2.8,60,46,292,লাল,নদী,8.74,-10.319999999999993,79
F1260,কুষ্টিয়া,খরিপ,পেঁয়াজ,7.9,1.4,136,37,160,এটেল,পুকুর,5.0,21.4,64
F1261,খুলনা,বর্ষা,মরিচ,5.0,2.7,123,15,200,বেলে,পাম্প,8.82,-11.399999999999999,55
F1262,রংপুর,রবি,ধান,8.3,3.4,53,60,142,এটেল,নদী,7.88,-12.199999999999989,91
F1263,খুলনা,বর্ষা,মরিচ,5.7,1.9,163,51,93,এটেল,পুকুর,6.62,-2.4199999999999875,61
F1264,ঢাকা,রবি,ভুট্টা,7.8,3.3,158,43,251,এটেল,বৃষ্টিনির্ভর,2.58,39.47,56
F1265,খুলনা,রবি,সয়াবিন,7.1,1.1,171,52,261,লাল,পাম্প,6.02,1.8500000000000085,70
F1266,বগুড়া,বর্ষা,সয়াবিন,7.3,2.5,194,53,158,এটেল,বৃষ্টিনির্ভর,4.44,5.550000000000011,93
F1267,বগুড়া,রবি,গম,5.5,0.8,158,40,291,এটেল,নলকূপ,6.57,-1.0400000000000063,97
F1268,রংপুর,বর্ষা,আলু,7.3,2.6,117,31,107,দোআঁশ,পুকুর,1.6,-16.029999999999994,88
F1269,রংপুর,খরিপ,গম,5.3,3.3,179,10,117,লাল,নলকূপ,2.5,-12.340000000000003,84
F1270,সিলেট,বর্ষা,মরিচ,6.5,2.8,192,48,93,বেলে,পাম্প,4.95,10.219999999999999,95
F1271,কুষ্টিয়া,খরিপ,রসুন,7.5,1.0,51,18,122,পডজল,পাম্প,6.18,-11.199999999999989,68
F1272,ঢাকা,বর্ষা,রসুন,5.5,2.2,199,25,258,দোআঁশ,নলকূপ,8.06,-13.519999999999996,82
F1273,রংপুর,রবি,পেঁয়াজ,5.6,3.4,52,54,219,পডজল,নলকূপ,3.92,24.140000000000015,96
F1274,বগুড়া,শীত,ভুট্টা,8.2,1.6,135,11,248,এটেল,পাম্প,1.28,24.309999999999995,80
F1275,বগুড়া,রবি,সূর্যমুখী,6.2,1.2,63,12,93,পডজল,বৃষ্টিনির্ভর,2.15,-5.369999999999997,93
F1276,বগুড়া,খরিপ,সয়াবিন,7.5,2.5,112,35,283,দোআঁশ,পুকুর,5.51,17.53000000000001,50
F1277,চট্টগ্রাম,বর্ষা,সূর্যমুখী,7.2,2.4,199,39,275,দোআঁশ,পাম্প,9.65,-8.090000000000003,64
F1278,খুলনা,খরিপ,পাট,5.2,1.2,71,13,200,লাল,পাম্প,1.82,7.190000000000005,76
F1279,বগুড়া,শীত,ধান,8.3,2.0,190,53,219,দোআঁশ,পুকুর,5.0,-18.200000000000003,75
F1280,কুষ্টিয়া,শীত,রসুন,5.6,1.7,75,10,195,লাল,নলকূপ,5.46,-16.18,72
F1281,বগুড়া,বর্ষা,ভুট্টা,6.2,3.2,60,52,169,লাল,পুকুর,3.52,32.39,81
F1282,ঢাকা,শীত,পেঁয়াজ,6.4,3.0,167,41,155,দোআঁশ,নদী,0.68,25.30000000000001,71
F1283,বরিশাল,শীত,পাট,6.1,2.5,81,22,164,এটেল,নলকূপ,4.74,17.09000000000001,86
F1284,কুষ্টিয়া,বর্ষা,আলু,8.3,2.2,81,40,279,লাল,নদী,7.39,-18.230000000000004,92
F1285,খুলনা,বর্ষা,পেঁয়াজ,8.3,3.0,88,50,271,পডজল,নদী,3.11,27.0,88
F1286,সিলেট,রবি,সূর্যমুখী,6.0,1.2,89,51,167,এটেল,পাম্প,3.49,-20.14999999999999,59
F1287,চট্টগ্রাম,শীত,ধান,7.2,2.0,132,40,237,এটেল,নলকূপ,4.19,-4.980000000000004,88
F1288,বরিশাল,খরিপ,মরিচ,7.9,3.4,119,33,227,পডজল,পাম্প,3.1,-8.040000000000006,56
F1289,রংপুর,বর্ষা,সয়াবিন,7.5,1.0,86,22,279,লাল,পুকুর,2.03,12.909999999999997,66
F1290,রাজশাহী,রবি,মরিচ,7.7,1.0,54,30,223,বেলে,নলকূপ,8.38,-6.939999999999998,51
F1291,সিলেট,রবি,মরিচ,5.8,2.9,174,12,204,এটেল,নলকূপ,6.26,2.1199999999999903,61
F1292,রাজশাহী,বর্ষা,সয়াবিন,8.2,1.7,198,24,289,লাল,বৃষ্টিনির্ভর,5.05,11.13000000000001,58
F1293,রংপুর,বর্ষা,আলু,7.8,1.4,114,47,174,বেলে,বৃষ্টিনির্ভর,2.45,-6.690000000000012,91
F1294,সিলেট,রবি,পেঁয়াজ,8.3,0.8,124,51,111,দোআঁশ,নলকূপ,1.82,20.64,56
F1295,খুলনা,বর্ষা,রসুন,7.8,1.9,72,57,127,বেলে,পাম্প,7.5,-3.6399999999999864,64
F1296,ময়মনসিংহ,খরিপ,ভুট্টা,7.9,2.0,95,52,131,পডজল,নলকূপ,1.64,22.630000000000003,84
F1297,রংপুর,শীত,মরিচ,7.1,2.1,168,45,232,এটেল,নদী,5.71,9.919999999999995,62
F1298,বগুড়া,খরিপ,পেঁয়াজ,8.2,2.5,92,56,147,পডজল,পাম্প,9.99,19.42000000000001,63
F1299,খুলনা,রবি,সয়াবিন,5.3,2.9,131,44,268,দোআঁশ,নলকূপ,2.61,-1.8900000000000006,51
F1300,চট্টগ্রাম,শীত,ভুট্টা,6.1,1.3,164,50,115,দোআঁশ,পুকুর,5.86,30.61,57
F1301,খুলনা,শীত,আলু,5.6,3.2,51,24,245,লাল,বৃষ্টিনির্ভর,9.0,3.4299999999999926,65
F1302,ময়মনসিংহ,বর্ষা,রসুন,6.8,1.8,54,12,248,পডজল,বৃষ্টিনির্ভর,7.16,-8.799999999999997,64
F1303,রংপুর,বর্ষা,আলু,6.4,1.3,98,23,255,বেলে,পাম্প,2.67,2.569999999999993,98
F1304,চট্টগ্রাম,শীত,গম,5.5,2.5,130,36,184,দোআঁশ,নদী,2.87,-12.199999999999996,98
F1305,বরিশাল,বর্ষা,পাট,6.1,2.0,190,47,280,পডজল,নলকূপ,4.89,13.549999999999997,61
F1306,সিলেট,খরিপ,সয়াবিন,7.3,0.5,154,23,199,পডজল,বৃষ্টিনির্ভর,3.41,10.95000000000001,68
F1307,সিলেট,বর্ষা,মরিচ,7.9,0.8,179,46,270,বেলে,বৃষ্টিনির্ভর,6.05,-1.740000000000002,96
F1308,কুষ্টিয়া,খরিপ,ভুট্টা,5.4,3.5,52,43,172,লাল,নলকূপ,3.01,18.869999999999997,98
F1309,চট্টগ্রাম,খরিপ,গম,5.7,1.1,194,12,112,লাল,পাম্প,8.05,2.2800000000000082,83
F1310,চট্টগ্রাম,খরিপ,সূর্যমুখী,8.4,3.3,143,54,188,পডজল,নলকূপ,2.14,-14.809999999999988,69
F1311,রংপুর,শীত,ধান,8.1,1.7,58,10,244,লাল,নলকূপ,4.09,-5.88000000000001,100
F1312,বরিশাল,খরিপ,পাট,7.2,1.1,136,45,289,এটেল,পাম্প,6.97,8.409999999999997,90
F1313,ময়মনসিংহ,শীত,সয়াবিন,7.1,2.4,139,15,277,এটেল,বৃষ্টিনির্ভর,9.71,2.0300000000000153,81
F1314,বগুড়া,শীত,ধান,8.1,1.5,92,38,258,দোআঁশ,পুকুর,1.19,-4.319999999999993,70
F1315,কুষ্টিয়া,রবি,পেঁয়াজ,5.6,1.4,119,11,120,এটেল,পাম্প,9.13,20.120000000000005,57
F1316,বগুড়া,রবি,পাট,6.1,1.1,193,15,265,লাল,নদী,5.16,5.090000000000003,59
F1317,খুলনা,রবি,পেঁয়াজ,7.0,2.2,118,36,245,এটেল,পাম্প,1.69,28.30000000000001,64
F1318,বগুড়া,খরিপ,ভুট্টা,5.4,2.7,172,21,273,দোআঁশ,নলকূপ,6.82,35.43,58
F1319,খুলনা,বর্ষা,রসুন,6.0,1.6,177,31,166,বেলে,পুকুর,9.94,-5.280000000000001,51
F1320,ঢাকা,খরিপ,সয়াবিন,7.2,2.1,99,12,257,দোআঁশ,নলকূপ,3.91,16.330000000000005,79
F1321,সিলেট,রবি,সূর্যমুখী,5.5,2.4,70,55,100,বেলে,নলকূপ,6.24,-14.830000000000005,90
F1322,ময়মনসিংহ,বর্ষা,রসুন,6.7,2.8,58,17,85,বেলে,বৃষ্টিনির্ভর,4.83,-4.340000000000003,83
F1323,রাজশাহী,খরিপ,রসুন,7.7,1.2,155,49,93,দোআঁশ,নদী,3.5,-0.5400000000000063,63
F1324,খুলনা,রবি,ধান,6.2,2.0,66,33,114,পডজল,নদী,7.49,-5.659999999999982,96
F1325,খুলনা,বর্ষা,মরিচ,7.0,2.2,75,39,88,দোআঁশ,নদী,9.48,4.0800000000000125,100
F1326,ঢাকা,শীত,আলু,7.5,1.9,125,16,275,বেলে,পাম্প,6.89,-10.769999999999996,69
F1327,বরিশাল,শীত,সূর্যমুখী,6.8,2.9,150,37,94,পডজল,বৃষ্টিনির্ভর,7.66,-18.930000000000007,77
F1328,খুলনা,বর্ষা,মরিচ,8.1,1.5,106,39,183,এটেল,নদী,4.06,2.440000000000005,52
F1329,বগুড়া,বর্ষা,গম,6.0,2.6,183,11,250,লাল,নদী,2.83,-5.040000000000006,67
F1330,কুষ্টিয়া,খরিপ,ভুট্টা,7.2,3.4,171,16,121,বেলে,নলকূপ,2.39,32.21000000000001,79
F1331,সিলেট,খরিপ,পেঁয়াজ,7.2,1.1,88,40,232,বেলে,পাম্প,3.41,23.06000000000001,62
F1332,চট্টগ্রাম,খরিপ,মরিচ,7.3,2.9,85,27,172,দোআঁশ,নদী,6.61,0.4800000000000111,54
F1333,বরিশাল,শীত,সূর্যমুখী,8.3,2.2,173,32,95,বেলে,বৃষ্টিনির্ভর,8.67,-19.450000000000003,70
F1334,বগুড়া,রবি,সূর্যমুখী,8.0,3.1,78,25,94,পডজল,বৃষ্টিনির্ভর,0.64,-7.450000000000003,64
F1335,কুষ্টিয়া,খরিপ,ভুট্টা,6.3,2.2,168,53,132,পডজল,নদী,1.09,38.07000000000001,89
F1336,বগুড়া,রবি,সয়াবিন,8.4,2.6,89,44,243,এটেল,পুকুর,3.26,11.530000000000008,90
F1337,চট্টগ্রাম,খরিপ,আলু,5.2,3.0,118,28,118,পডজল,নলকূপ,6.24,-3.6300000000000097,98
F1338,বরিশাল,খরিপ,রসুন,8.2,3.2,56,42,231,পডজল,নলকূপ,3.06,-14.299999999999997,63
F1339,ময়মনসিংহ,বর্ষা,রসুন,7.6,2.5,110,45,209,এটেল,পুকুর,5.71,-7.159999999999982,96
F1340,সিলেট,রবি,মরিচ,7.3,2.3,113,48,285,দোআঁশ,বৃষ্টিনির্ভর,3.68,-7.739999999999995,88
F1341,সিলেট,খরিপ,পেঁয়াজ,5.4,2.3,180,41,224,পডজল,বৃষ্টিনির্ভর,2.69,20.22,91
F1342,বগুড়া,রবি,পাট,7.5,3.1,193,27,177,দোআঁশ,পাম্প,7.33,17.29,71
F1343,ঢাকা,বর্ষা,আলু,6.6,0.5,187,40,169,লাল,বৃষ্টিনির্ভর,7.95,3.3300000000000196,78
F1344,ঢাকা,শীত,পেঁয়াজ,8.1,1.4,107,60,108,দোআঁশ,নলকূপ,1.65,22.34000000000001,96
F1345,সিলেট,বর্ষা,মরিচ,6.7,3.3,169,15,106,দোআঁশ,বৃষ্টিনির্ভর,6.9,-5.759999999999991,61
F1346,সিলেট,শীত,ভুট্টা,6.2,2.3,104,28,251,বেলে,নদী,2.52,37.790000000000006,84
F1347,রংপুর,রবি,পেঁয়াজ,5.2,1.6,180,55,156,দোআঁশ,নদী,2.11,20.92,80
F1348,কুষ্টিয়া,রবি,আলু,5.7,1.4,130,55,258,এটেল,নলকূপ,3.93,-6.609999999999985,54
F1349,ময়মনসিংহ,বর্ষা,রসুন,6.9,1.7,166,35,280,লাল,নলকূপ,5.11,2.519999999999996,62
F1350,চট্টগ্রাম,শীত,ভুট্টা,5.5,2.4,104,56,284,লাল,নলকূপ,7.61,18.190000000000005,57
F1351,কুষ্টিয়া,শীত,সূর্যমুখী,8.3,1.6,124,19,119,লাল,নলকূপ,9.55,-22.39,56
F1352,বগুড়া,রবি,রসুন,6.8,1.2,182,27,247,লাল,নলকূপ,5.59,-4.4199999999999875,72
F1353,কুষ্টিয়া,রবি,পেঁয়াজ,7.7,2.5,161,54,207,বেলে,পাম্প,4.64,18.9,57
F1354,চট্টগ্রাম,খরিপ,সূর্যমুখী,7.0,2.9,123,37,235,লাল,বৃষ্টিনির্ভর,3.2,-12.25,87
F1355,চট্টগ্রাম,রবি,ধান,7.8,3.5,118,16,257,এটেল,বৃষ্টিনির্ভর,8.91,-1.259999999999991,66
F1356,বরিশাল,খরিপ,আলু,5.1,1.4,119,49,186,লাল,নদী,7.75,-1.269999999999996,72
F1357,খুলনা,বর্ষা,রসুন,5.7,3.2,78,34,177,পডজল,নদী,6.73,-14.039999999999992,70
F1358,কুষ্টিয়া,বর্ষা,পেঁয়াজ,7.0,2.6,142,51,288,এটেল,বৃষ্টিনির্ভর,1.83,34.06,67
F1359,চট্টগ্রাম,খরিপ,ভুট্টা,7.9,2.2,52,13,297,এটেল,নদী,8.42,37.870000000000005,94
F1360,সিলেট,শীত,ভুট্টা,5.2,1.4,70,28,214,এটেল,পুকুর,5.8,28.090000000000003,73
F1361,রাজশাহী,রবি,রসুন,7.4,2.2,102,22,290,এটেল,নদী,8.81,-10.97999999999999,71
F1362,কুষ্টিয়া,শীত,রসুন,8.0,3.3,136,57,166,বেলে,বৃষ্টিনির্ভর,1.71,-7.739999999999995,84
F1363,ময়মনসিংহ,খরিপ,ভুট্টা,6.2,3.1,127,19,104,বেলে,পাম্প,8.17,24.949999999999996,70
F1364,ঢাকা,খরিপ,সূর্যমুখী,5.1,1.7,159,11,273,বেলে,পুকুর,1.63,-7.309999999999995,57
F1365,রাজশাহী,খরিপ,মরিচ,7.3,3.0,136,36,232,লাল,পুকুর,4.95,-5.099999999999994,71
F1366,ময়মনসিংহ,রবি,রসুন,5.6,1.0,54,27,166,এটেল,পাম্প,2.63,-8.680000000000007,74
F1367,বরিশাল,রবি,ধান,6.9,0.7,63,22,215,লাল,পাম্প,8.54,-9.039999999999992,80
F1368,খুলনা,রবি,সয়াবিন,7.8,1.2,70,31,182,এটেল,বৃষ্টিনির্ভর,0.89,9.669999999999987,92
F1369,ময়মনসিংহ,শীত,সূর্যমুখী,6.7,0.8,195,38,141,পডজল,নলকূপ,0.97,-20.230000000000004,70
F1370,ঢাকা,খরিপ,সূর্যমুখী,6.8,3.4,101,33,234,লাল,বৃষ্টিনির্ভর,4.64,-7.890000000000001,79
F1371,কুষ্টিয়া,বর্ষা,আলু,5.2,2.0,193,18,127,দোআঁশ,নলকূপ,9.77,-14.430000000000007,96
F1372,রংপুর,বর্ষা,আলু,5.2,3.1,145,48,160,বেলে,নলকূপ,6.0,-11.609999999999985,100
F1373,রংপুর,রবি,সয়াবিন,6.0,3.4,125,58,81,পডজল,নলকূপ,5.71,5.109999999999999,55
F1374,বরিশাল,খরিপ,আলু,7.6,0.8,165,14,241,দোআঁশ,নলকূপ,3.69,-5.8899999999999935,88
F1375,চট্টগ্রাম,শীত,ভুট্টা,6.3,2.7,50,50,285,বেলে,পুকুর,1.27,20.790000000000006,91
F1376,সিলেট,খরিপ,রসুন,6.6,2.3,165,44,245,লাল,পুকুর,0.94,-9.059999999999988,71
F1377,বরিশাল,খরিপ,মরিচ,5.8,1.3,198,20,169,এটেল,পুকুর,4.05,-1.9000000000000057,58
F1378,সিলেট,খরিপ,সয়াবিন,5.4,2.0,92,17,143,পডজল,পুকুর,9.67,11.830000000000013,72
F1379,রংপুর,খরিপ,রসুন,6.6,1.5,171,39,274,বেলে,নদী,7.64,-2.339999999999989,82
F1380,সিলেট,শীত,রসুন,5.7,1.6,128,27,148,দোআঁশ,নলকূপ,4.72,-21.419999999999987,58
F1381,বগুড়া,বর্ষা,সয়াবিন,6.8,1.1,168,28,272,পডজল,পাম্প,6.58,3.1099999999999994,65
F1382,রংপুর,খরিপ,ধান,7.7,1.3,131,42,136,বেলে,নলকূপ,1.49,-3.3800000000000097,75
F1383,বগুড়া,শীত,সূর্যমুখী,7.4,0.5,160,34,80,এটেল,পাম্প,9.68,-17.11,87
F1384,ঢাকা,রবি,পাট,5.6,2.8,161,59,218,দোআঁশ,নলকূপ,5.35,-0.269999999999996,93
F1385,কুষ্টিয়া,খরিপ,পেঁয়াজ,7.3,3.2,123,57,142,বেলে,পাম্প,4.26,22.720000000000006,85
F1386,বগুড়া,খরিপ,পেঁয়াজ,8.3,0.8,150,47,235,লাল,পাম্প,6.92,17.57999999999999,95
F1387,ঢাকা,শীত,সূর্যমুখী,7.6,1.3,164,37,172,দোআঁশ,নলকূপ,8.9,-2.309999999999988,62
F1388,বরিশাল,শীত,পেঁয়াজ,7.2,2.2,120,51,233,বেলে,পুকুর,5.93,18.799999999999997,88
F1389,ঢাকা,খরিপ,সূর্যমুখী,6.9,1.5,167,36,234,লাল,পুকুর,0.55,-5.75,55
F1390,ঢাকা,খরিপ,সূর্যমুখী,6.6,2.2,70,30,203,লাল,পুকুর,7.85,-9.530000000000015,51
F1391,বরিশাল,রবি,ভুট্টা,7.4,0.8,180,27,241,লাল,পুকুর,2.64,23.609999999999992,91
F1392,বগুড়া,রবি,গম,6.7,2.5,120,10,280,বেলে,নলকূপ,1.4,-6.559999999999988,65
F1393,রাজশাহী,খরিপ,সূর্যমুখী,6.3,1.8,89,60,204,লাল,নদী,8.48,-19.730000000000004,84
F1394,চট্টগ্রাম,খরিপ,আলু,5.2,1.7,170,41,276,লাল,বৃষ্টিনির্ভর,6.48,-15.090000000000003,83
F1395,বরিশাল,রবি,রসুন,5.3,1.8,183,16,273,এটেল,বৃষ্টিনির্ভর,6.85,-4.4199999999999875,95
F1396,ঢাকা,বর্ষা,পাট,5.8,1.3,51,45,201,পডজল,বৃষ্টিনির্ভর,2.19,8.57,52
F1397,চট্টগ্রাম,রবি,ধান,5.4,1.7,189,50,210,দোআঁশ,পুকুর,7.33,-9.219999999999985,51
F1398,রাজশাহী,বর্ষা,ধান,5.9,1.4,114,50,202,পডজল,বৃষ্টিনির্ভর,7.59,3.460000000000008,87
F1399,রংপুর,বর্ষা,সয়াবিন,7.4,3.5,114,60,257,এটেল,নদী,6.65,-1.8699999999999903,62
F1400,ময়মনসিংহ,শীত,আলু,6.1,2.1,64,41,243,দোআঁশ,বৃষ্টিনির্ভর,2.68,-10.569999999999979,56
F1401,বগুড়া,শীত,মরিচ,7.8,0.5,112,31,155,এটেল,বৃষ্টিনির্ভর,7.52,-5.299999999999997,66
F1402,কুষ্টিয়া,খরিপ,রসুন,5.9,3.1,114,14,201,পডজল,বৃষ্টিনির্ভর,1.96,-18.75999999999999,71
F1403,ময়মনসিংহ,খরিপ,সূর্যমুখী,7.8,2.9,73,31,156,বেলে,নলকূপ,5.87,-12.469999999999985,55
F1404,বরিশাল,রবি,ভুট্টা,6.1,0.7,121,18,110,বেলে,নদী,4.89,38.890000000000015,86
F1405,রংপুর,রবি,ধান,5.6,2.1,89,40,274,এটেল,নলকূপ,7.89,-5.239999999999995,54
F1406,রাজশাহী,শীত,মরিচ,7.8,1.4,70,46,90,পডজল,বৃষ্টিনির্ভর,0.86,-12.019999999999982,56
F1407,ঢাকা,বর্ষা,রসুন,5.7,1.0,190,45,293,লাল,বৃষ্টিনির্ভর,3.18,-6.419999999999973,98
F1408,বগুড়া,রবি,পাট,5.6,0.7,167,57,245,লাল,পুকুর,0.54,-2.1299999999999955,81
F1409,ময়মনসিংহ,রবি,মরিচ,5.7,0.6,122,50,267,লাল,পাম্প,2.43,7.420000000000002,83
F1410,কুষ্টিয়া,রবি,পেঁয়াজ,5.6,1.3,51,60,91,পডজল,পুকুর,1.61,14.000000000000007,60
F1411,চট্টগ্রাম,বর্ষা,সয়াবিন,7.3,2.9,182,20,150,পডজল,নদী,4.81,13.530000000000015,74
F1412,ময়মনসিংহ,শীত,আলু,8.0,2.3,147,37,168,লাল,নলকূপ,9.21,-17.690000000000005,81
F1413,ঢাকা,বর্ষা,ভুট্টা,7.2,1.1,59,56,123,পডজল,পুকুর,9.55,33.11000000000001,61
F1414,সিলেট,বর্ষা,পেঁয়াজ,5.6,0.9,102,20,180,বেলে,পাম্প,8.11,30.74000000000001,93
F1415,বগুড়া,শীত,ধান,8.0,2.4,200,15,125,লাল,নদী,8.1,-1.1599999999999966,68
F1416,ময়মনসিংহ,শীত,সয়াবিন,5.9,3.5,180,15,190,বেলে,পাম্প,2.56,8.430000000000014,93
F1417,বগুড়া,খরিপ,ভুট্টা,8.4,2.9,63,51,234,লাল,পুকুর,5.92,28.790000000000006,62
F1418,বরিশাল,খরিপ,রসুন,7.2,1.1,152,50,244,দোআঁশ,পাম্প,8.39,2.9000000000000057,85
F1419,রংপুর,শীত,রসুন,5.3,1.8,55,17,101,বেলে,নদী,0.68,-22.239999999999995,50
F1420,খুলনা,শীত,গম,6.7,3.0,125,14,267,পডজল,পুকুর,0.68,-9.5,67
F1421,বরিশাল,রবি,ধান,5.3,2.8,198,15,222,এটেল,পুকুর,2.97,-15.980000000000004,90
F1422,ঢাকা,শীত,পেঁয়াজ,6.3,1.3,144,37,190,এটেল,পাম্প,6.79,30.359999999999992,91
F1423,সিলেট,খরিপ,সয়াবিন,7.1,2.3,72,40,177,এটেল,বৃষ্টিনির্ভর,2.76,17.750000000000007,78
F1424,ঢাকা,খরিপ,সয়াবিন,6.0,2.3,188,23,134,পডজল,বৃষ্টিনির্ভর,1.48,1.8699999999999974,55
F1425,ময়মনসিংহ,রবি,রসুন,5.1,1.5,77,35,218,দোআঁশ,পাম্প,6.97,-7.9199999999999875,99
F1426,চট্টগ্রাম,খরিপ,মরিচ,5.3,1.2,168,32,136,এটেল,বৃষ্টিনির্ভর,9.25,0.480000000000004,53
F1427,ঢাকা,বর্ষা,ভুট্টা,7.5,2.6,196,19,202,বেলে,বৃষ্টিনির্ভর,3.21,42.290000000000006,100
F1428,বরিশাল,বর্ষা,পাট,6.4,3.2,76,34,150,লাল,নদী,7.56,8.990000000000002,60
F1429,রাজশাহী,রবি,আলু,7.3,2.1,107,25,112,পডজল,পুকুর,3.19,-4.390000000000001,90
F1430,ময়মনসিংহ,রবি,মরিচ,6.5,1.1,198,26,134,দোআঁশ,পুকুর,2.97,-7.780000000000015,59
F1431,কুষ্টিয়া,রবি,রসুন,5.9,2.2,94,10,281,বেলে,বৃষ্টিনির্ভর,6.79,-18.33999999999999,85
F1432,ঢাকা,খরিপ,রসুন,6.6,0.9,166,26,164,এটেল,পুকুর,3.78,-9.059999999999988,87
F1433,রাজশাহী,খরিপ,ধান,5.0,1.8,84,18,173,লাল,নলকূপ,0.86,-11.240000000000009,77
F1434,খুলনা,বর্ষা,রসুন,5.2,1.7,185,52,102,পডজল,বৃষ্টিনির্ভর,6.66,-5.539999999999992,88
F1435,বগুড়া,শীত,ভুট্টা,6.8,3.2,114,33,101,দোআঁশ,নলকূপ,5.28,29.510000000000005,78
F1436,সিলেট,বর্ষা,পেঁয়াজ,7.3,2.0,65,13,83,লাল,পুকুর,5.41,23.140000000000008,58
F1437,সিলেট,শীত,আলু,7.8,2.6,144,16,266,পডজল,পুকুর,9.65,-6.390000000000008,67
F1438,বগুড়া,খরিপ,ভুট্টা,5.7,1.9,64,10,89,বেলে,নলকূপ,9.1,26.25,79
F1439,রাজশাহী,রবি,সয়াবিন,6.5,1.1,150,44,282,দোআঁশ,বৃষ্টিনির্ভর,9.22,10.769999999999996,86
F1440,সিলেট,রবি,মরিচ,6.2,2.1,91,43,121,পডজল,পুকুর,1.02,-4.859999999999985,59
F1441,ময়মনসিংহ,খরিপ,সূর্যমুখী,7.7,1.9,123,59,182,এটেল,নলকূপ,2.45,-19.86999999999999,100
F1442,চট্টগ্রাম,খরিপ,আলু,7.1,1.2,60,50,225,লাল,বৃষ্টিনির্ভর,5.19,-9.949999999999989,71
F1443,চট্টগ্রাম,খরিপ,সূর্যমুখী,5.1,3.2,137,50,216,বেলে,পুকুর,3.94,-15.530000000000001,83
F1444,চট্টগ্রাম,রবি,গম,5.9,1.6,63,48,179,পডজল,বৃষ্টিনির্ভর,6.68,-3.2199999999999847,88
F1445,রাজশাহী,শীত,ভুট্টা,6.3,3.1,119,21,167,বেলে,নলকূপ,1.6,28.230000000000004,88
F1446,কুষ্টিয়া,শীত,সয়াবিন,6.9,1.2,53,55,203,লাল,পাম্প,7.09,5.050000000000011,92
F1447,বগুড়া,বর্ষা,সয়াবিন,5.9,3.3,172,51,266,বেলে,বৃষ্টিনির্ভর,0.66,8.909999999999997,63
F1448,চট্টগ্রাম,রবি,ভুট্টা,6.1,1.3,104,44,140,লাল,বৃষ্টিনির্ভর,3.91,21.009999999999998,94
F1449,কুষ্টিয়া,খরিপ,ভুট্টা,5.5,2.9,122,10,166,বেলে,পুকুর,4.76,20.050000000000004,74
F1450,কুষ্টিয়া,শীত,সূর্যমুখী,6.3,0.7,55,20,82,বেলে,পাম্প,7.13,-23.209999999999994,91
F1451,খুলনা,বর্ষা,পেঁয়াজ,7.9,2.0,174,59,246,বেলে,নদী,9.53,14.259999999999998,97
F1452,বরিশাল,খরিপ,আলু,8.3,1.1,181,31,257,পডজল,বৃষ্টিনির্ভর,7.31,-17.209999999999994,65
F1453,ময়মনসিংহ,শীত,সূর্যমুখী,8.5,2.5,116,45,174,লাল,নদী,3.78,-16.169999999999987,72
F1454,কুষ্টিয়া,শীত,সয়াবিন,6.3,1.4,62,24,222,পডজল,নলকূপ,7.92,-0.8900000000000006,85
F1455,ঢাকা,শীত,রসুন,5.8,2.6,51,20,115,লাল,পুকুর,5.37,-2.299999999999997,64
F1456,ঢাকা,শীত,পেঁয়াজ,6.4,3.1,111,14,192,লাল,পাম্প,7.73,27.759999999999998,83
F1457,বগুড়া,বর্ষা,গম,5.7,3.1,93,57,241,লাল,পাম্প,3.06,-8.280000000000001,68
F1458,রাজশাহী,রবি,ধান,7.7,1.5,165,50,109,বেলে,নদী,7.01,5.680000000000014,95
F1459,বরিশাল,খরিপ,রসুন,5.5,2.2,153,58,95,দোআঁশ,পাম্প,7.2,-9.86,75
F1460,বগুড়া,বর্ষা,সয়াবিন,6.9,0.8,161,60,245,বেলে,নদী,7.45,13.63000000000001,85
F1461,বরিশাল,খরিপ,পাট,7.3,1.9,118,21,115,দোআঁশ,পুকুর,9.1,14.730000000000018,60
F1462,রাজশাহী,রবি,মরিচ,6.8,0.8,73,47,194,পডজল,নদী,6.84,0.7400000000000091,95
F1463,খুলনা,খরিপ,মরিচ,5.5,1.5,166,36,115,দোআঁশ,বৃষ্টিনির্ভর,1.22,-1.8400000000000034,65
F1464,চট্টগ্রাম,শীত,গম,8.0,1.9,57,43,112,লাল,নদী,8.77,2.759999999999998,88
F1465,ঢাকা,খরিপ,সূর্যমুখী,5.4,2.2,97,60,230,দোআঁশ,পুকুর,4.87,-24.94999999999999,91
F1466,কুষ্টিয়া,শীত,সয়াবিন,5.7,1.3,159,15,221,এটেল,পাম্প,7.41,2.0500000000000114,56
F1467,খুলনা,শীত,আলু,7.0,2.2,132,57,169,পডজল,বৃষ্টিনির্ভর,3.37,-7.569999999999993,72
F1468,বগুড়া,খরিপ,পেঁয়াজ,8.3,2.7,112,27,141,দোআঁশ,পুকুর,3.51,17.640000000000008,66
F1469,বগুড়া,বর্ষা,আলু,5.6,2.9,149,18,279,পডজল,বৃষ্টিনির্ভর,0.79,-0.769999999999996,59
F1470,রাজশাহী,বর্ষা,সয়াবিন,8.2,0.6,112,36,280,এটেল,বৃষ্টিনির্ভর,4.21,8.490000000000002,79
F1471,সিলেট,রবি,গম,8.3,0.8,168,54,292,লাল,নলকূপ,2.89,-10.439999999999998,80
F1472,খুলনা,খরিপ,পাট,8.0,2.2,57,25,258,লাল,পুকুর,8.2,3.1099999999999923,76
F1473,ঢাকা,রবি,ধান,6.0,0.8,87,43,300,দোআঁশ,বৃষ্টিনির্ভর,7.24,-2.680000000000007,64
F1474,বগুড়া,খরিপ,সয়াবিন,7.7,1.8,157,49,275,এটেল,বৃষ্টিনির্ভর,5.82,1.5499999999999972,72
F1475,রংপুর,খরিপ,রসুন,5.2,1.7,108,48,261,এটেল,নলকূপ,2.16,-5.119999999999983,61
F1476,খুলনা,শীত,গম,6.2,2.9,141,33,228,লাল,বৃষ্টিনির্ভর,8.38,-1.8400000000000034,70
F1477,কুষ্টিয়া,শীত,রসুন,5.1,3.4,118,49,127,বেলে,বৃষ্টিনির্ভর,8.32,-6.4199999999999875,78
F1478,রংপুর,শীত,ধান,5.7,2.9,120,31,225,দোআঁশ,পাম্প,4.5,-5.5,92
F1479,ঢাকা,রবি,পাট,5.2,2.0,189,48,293,লাল,বৃষ্টিনির্ভর,5.16,13.310000000000002,79
F1480,রাজশাহী,বর্ষা,ভুট্টা,7.9,3.4,86,29,119,দোআঁশ,নদী,5.58,22.57,51
F1481,ঢাকা,রবি,পাট,7.2,2.7,172,30,162,পডজল,বৃষ্টিনির্ভর,3.54,16.150000000000006,80
F1482,বগুড়া,খরিপ,সয়াবিন,7.3,2.4,75,41,85,লাল,পুকুর,3.25,14.190000000000012,89
F1483,বগুড়া,খরিপ,পেঁয়াজ,5.6,3.0,175,52,178,এটেল,বৃষ্টিনির্ভর,9.04,8.600000000000009,64
F1484,চট্টগ্রাম,বর্ষা,আলু,6.3,1.7,65,49,127,বেলে,পাম্প,6.32,-4.589999999999989,68
F1485,ঢাকা,খরিপ,সূর্যমুখী,6.8,3.4,134,39,167,বেলে,পুকুর,9.34,-11.369999999999976,76
F1486,বরিশাল,বর্ষা,সয়াবিন,8.4,1.7,53,41,83,বেলে,বৃষ্টিনির্ভর,5.36,-0.3500000000000014,88
F1487,রংপুর,বর্ষা,সয়াবিন,8.2,1.8,88,37,235,লাল,নলকূপ,8.74,0.21000000000000085,92
F1488,বরিশাল,বর্ষা,পাট,7.6,1.6,78,16,274,এটেল,নলকূপ,8.0,-0.39000000000000057,50
F1489,ঢাকা,রবি,পাট,8.3,3.2,88,18,111,দোআঁশ,বৃষ্টিনির্ভর,0.82,-2.230000000000004,95
F1490,ঢাকা,বর্ষা,ভুট্টা,5.2,1.3,171,39,111,বেলে,নলকূপ,7.75,31.990000000000006,52
F1491,সিলেট,খরিপ,পেঁয়াজ,8.0,3.3,200,12,190,বেলে,বৃষ্টিনির্ভর,7.23,17.75999999999999,98
F1492,বগুড়া,রবি,ভুট্টা,6.8,3.4,108,18,170,বেলে,নলকূপ,3.87,24.47,54
F1493,ঢাকা,বর্ষা,পাট,6.8,3.2,134,11,260,বেলে,বৃষ্টিনির্ভর,8.1,-1.2699999999999818,74
F1494,সিলেট,শীত,সয়াবিন,8.0,1.7,82,31,133,লাল,বৃষ্টিনির্ভর,8.78,16.910000000000004,86
F1495,কুষ্টিয়া,রবি,রসুন,5.9,1.7,149,33,109,লাল,পাম্প,7.88,-8.14,89
F1496,চট্টগ্রাম,বর্ষা,আলু,6.1,2.9,146,18,240,দোআঁশ,পাম্প,0.68,-12.069999999999979,86
F1497,খুলনা,রবি,সয়াবিন,7.3,2.7,86,24,173,এটেল,পাম্প,1.9,11.370000000000005,87
F1498,বগুড়া,শীত,সূর্যমুখী,5.6,2.5,65,14,191,এটেল,বৃষ্টিনির্ভর,7.65,-22.04999999999999,66
F1499,বরিশাল,খরিপ,রসুন,6.0,1.4,191,56,116,পডজল,পাম্প,3.66,-19.799999999999997,51
