Soil_Type,Fertility_Index,Location,Season,Average_Rainfall(mm),Temperature(Â°C),Land_Use_Type,Market_Price,Soil_pH,Sunlight_Exposure(hours),Irrigation_Availability,Pest_and_Disease_History,Previous_Crop
Peaty,51,Sylhet,Autumn,361.38,25.38,Agricultural,133,5.78,8.1,Yes,Moderate,None
Silt,83,Barishal,Summer,54.31,37.21,Unused,218,6.6,11.53,Yes,High,Vegetables
Clay,75,Khulna,Summer,179.52,35.61,Residential,32,7.25,4.38,Yes,Moderate,Tea
Silt,87,Chattogram,Autumn,59.6,30.75,Agricultural,290,5.59,6.82,Yes,High,Maize
Silt,43,Khulna,Autumn,187.54,36.45,Agricultural,108,7.45,10.85,No,Moderate,Rice
Sandy,44,Rangpur,Winter,234.03,34.59,Agricultural,234,4.71,7.17,No,High,Vegetables
Clay,95,Dhaka,Autumn,229.09,25.72,Barren,463,4.7,5.59,Yes,Low,Maize
Clay,76,Rangpur,Winter,107.97,20.03,Barren,297,6.05,7.4,Yes,Moderate,Vegetables
Clay,47,Rajshahi,Monsoon,276.01,27.86,Barren,466,5.91,7.08,No,Moderate,None
Silt,81,Sylhet,Winter,65.67,33.41,Residential,493,5.76,11.32,Yes,Moderate,Maize
Peaty,88,Rajshahi,Autumn,316.67,25.91,Residential,500,6.46,10.1,Yes,None,None
Clay,67,Chattogram,Autumn,381.33,31.67,Agricultural,222,5.78,8.04,Yes,Moderate,Maize
Silt,70,Barishal,Monsoon,168.92,17.36,Residential,93,5.27,11.91,Yes,None,Vegetables
Sandy,97,Khulna,Autumn,231.03,33.7,Unused,44,5.74,7.72,No,None,Wheat
Peaty,48,Rangpur,Autumn,182.62,35.32,Agricultural,120,8.4,4.47,No,High,Vegetables
Sandy,93,Rangpur,Summer,52.35,32.67,Agricultural,195,6.14,6.1,Yes,None,None
Peaty,90,Chattogram,Summer,185.06,39.18,Unused,446,6.28,7.49,No,None,Vegetables
Silt,68,Rangpur,Monsoon,327.1,35.67,Agricultural,136,6.81,5.26,Yes,Low,Maize
Loamy,53,Chattogram,Winter,258.6,37.58,Residential,185,8.43,11.58,Yes,Moderate,Rice
Peaty,79,Rajshahi,Summer,85.44,38.34,Barren,60,5.47,10.13,Yes,None,Maize
Sandy,80,Khulna,Winter,346.5,35.03,Unused,448,7.23,6.15,No,Moderate,Jute
Silt,61,Sylhet,Autumn,235.88,31.86,Residential,363,7.36,8.73,No,None,Vegetables
Peaty,50,Barishal,Summer,344.6,15.14,Unused,443,6.93,9.77,No,High,Tea
Loamy,62,Sylhet,Monsoon,253.08,26.65,Unused,385,4.85,11.53,No,Low,Vegetables
Loamy,40,Rajshahi,Monsoon,245.89,29.28,Agricultural,139,7.21,11.05,No,None,Wheat
Clay,85,Barishal,Monsoon,86.84,22.6,Agricultural,116,4.76,8.12,Yes,Moderate,None
Clay,76,Rangpur,Summer,108.58,22.95,Residential,164,6.88,10.2,Yes,High,Tea
Sandy,60,Dhaka,Winter,390.21,39.03,Unused,235,7.46,8.5,No,Moderate,Maize
Peaty,65,Rajshahi,Autumn,129.97,37.29,Agricultural,248,5.34,8.42,No,High,Wheat
Peaty,85,Rajshahi,Winter,392.11,36.23,Agricultural,332,7.87,4.92,No,Low,Vegetables
Clay,75,Khulna,Winter,236.17,25.15,Unused,149,4.62,5.01,Yes,High,Maize
Peaty,93,Sylhet,Autumn,97.53,15.34,Residential,371,7.88,8.24,No,Moderate,Maize
Peaty,62,Rajshahi,Autumn,84.76,17.01,Residential,396,6.34,6.15,Yes,Moderate,Jute
Loamy,96,Rajshahi,Summer,123.1,22.8,Unused,337,5.37,4.17,Yes,None,Jute
Clay,40,Rangpur,Summer,373.97,15.39,Residential,491,5.04,9.78,No,High,Rice
Silt,93,Rangpur,Summer,194.95,15.43,Agricultural,156,8.31,4.26,Yes,Moderate,Jute
Clay,94,Barishal,Summer,188.4,37.92,Unused,343,4.79,8.76,Yes,None,None
Silt,90,Chattogram,Summer,159.62,32.65,Agricultural,356,5.3,8.31,No,Low,Tea
Loamy,79,Chattogram,Autumn,101.47,22.72,Barren,292,5.89,11.75,Yes,Moderate,Maize
Sandy,54,Dhaka,Winter,220.75,18.32,Barren,136,6.98,7.87,No,None,Jute
Peaty,60,Chattogram,Summer,95.52,27.79,Residential,325,6.68,4.51,Yes,Moderate,Rice
Loamy,86,Khulna,Summer,342.42,15.13,Barren,387,5.0,8.41,No,High,Vegetables
Peaty,48,Dhaka,Winter,179.64,38.46,Agricultural,113,5.66,10.73,No,None,Tea
Sandy,92,Barishal,Summer,181.18,25.37,Barren,187,5.46,11.97,Yes,High,Jute
Sandy,48,Rangpur,Winter,215.9,25.06,Agricultural,461,5.35,7.44,No,Low,Maize
Loamy,49,Chattogram,Winter,205.44,24.76,Residential,222,6.14,6.56,Yes,High,Vegetables
Sandy,91,Sylhet,Autumn,398.2,16.73,Residential,360,7.32,11.25,Yes,None,None
Silt,96,Rangpur,Monsoon,240.88,30.96,Agricultural,168,5.37,5.53,No,Moderate,Maize
Sandy,92,Khulna,Autumn,80.87,33.33,Barren,421,5.97,8.92,Yes,None,Vegetables
Peaty,65,Rangpur,Monsoon,262.41,31.9,Residential,202,6.06,7.25,No,High,None
Peaty,80,Khulna,Monsoon,103.05,18.46,Unused,432,8.41,4.33,Yes,High,None
Peaty,74,Khulna,Monsoon,60.83,29.47,Residential,171,8.32,6.78,Yes,Moderate,Tea
Peaty,91,Khulna,Summer,389.76,29.24,Barren,93,7.7,6.12,No,Low,Maize
Silt,64,Barishal,Autumn,320.74,36.71,Unused,384,5.47,9.49,Yes,None,Jute
Clay,65,Khulna,Monsoon,393.04,24.48,Barren,420,4.77,11.59,Yes,Moderate,Jute
Loamy,50,Khulna,Winter,217.26,24.29,Agricultural,293,5.77,6.14,Yes,Moderate,Rice
Peaty,77,Sylhet,Summer,236.29,30.46,Unused,61,5.57,10.49,Yes,Moderate,Vegetables
Sandy,41,Dhaka,Autumn,108.92,30.83,Barren,231,6.52,4.44,Yes,None,Rice
Peaty,46,Rajshahi,Monsoon,136.42,26.73,Unused,120,7.61,8.3,Yes,None,Wheat
Sandy,57,Dhaka,Winter,343.49,26.08,Barren,64,7.93,4.56,Yes,None,Jute
Sandy,66,Khulna,Autumn,174.66,27.35,Unused,101,7.88,11.47,Yes,Low,Vegetables
Peaty,73,Sylhet,Autumn,339.39,36.53,Barren,36,5.94,10.13,No,Moderate,Tea
Silt,66,Rangpur,Summer,298.15,26.53,Agricultural,92,7.25,9.26,Yes,High,Rice
Sandy,56,Sylhet,Autumn,112.01,38.5,Unused,33,5.75,10.59,Yes,High,Tea
Sandy,82,Khulna,Summer,227.61,27.6,Unused,452,4.74,9.18,No,Moderate,Tea
Peaty,98,Sylhet,Monsoon,287.09,38.73,Unused,176,7.31,11.75,No,High,Tea
Sandy,83,Chattogram,Summer,132.26,35.82,Unused,242,4.54,9.71,No,Low,Rice
Sandy,98,Sylhet,Winter,340.74,24.06,Agricultural,151,6.14,11.4,Yes,Low,Wheat
Peaty,90,Khulna,Summer,240.69,36.59,Unused,357,5.82,8.14,No,None,None
Peaty,93,Barishal,Winter,107.83,17.75,Residential,423,7.27,4.94,No,None,None
Loamy,63,Chattogram,Summer,254.04,38.13,Agricultural,395,7.56,8.23,Yes,None,Rice
Silt,64,Sylhet,Autumn,399.9,30.79,Residential,395,5.72,5.01,Yes,None,None
Silt,46,Rajshahi,Monsoon,102.68,16.36,Unused,66,7.75,8.74,No,None,Maize
Sandy,91,Rajshahi,Winter,335.86,31.11,Barren,126,5.68,7.86,No,High,None
Silt,45,Sylhet,Summer,122.56,39.36,Residential,127,6.29,8.98,Yes,High,Jute
Sandy,92,Barishal,Summer,323.84,16.75,Unused,284,7.41,4.08,Yes,None,Rice
Loamy,63,Rangpur,Summer,307.1,28.87,Residential,224,7.27,5.56,Yes,Low,None
Peaty,72,Khulna,Autumn,155.17,33.69,Unused,98,8.45,7.93,Yes,High,Rice
Peaty,88,Rajshahi,Autumn,164.04,35.26,Unused,174,5.4,11.6,Yes,Low,Wheat
Peaty,68,Rangpur,Winter,327.38,25.35,Unused,290,7.15,7.07,No,Low,Maize
Silt,82,Sylhet,Winter,211.51,20.1,Barren,495,6.94,7.39,Yes,Moderate,Rice
Loamy,61,Rangpur,Autumn,305.79,16.06,Residential,266,8.16,9.72,Yes,Moderate,Jute
Silt,65,Chattogram,Winter,101.79,29.49,Agricultural,38,5.13,8.83,Yes,None,None
Silt,67,Dhaka,Monsoon,348.4,26.32,Agricultural,365,7.51,6.39,Yes,Low,Jute
Loamy,89,Rajshahi,Monsoon,298.81,38.72,Agricultural,455,6.77,7.29,Yes,High,None
Loamy,60,Sylhet,Autumn,367.43,16.52,Agricultural,45,5.6,5.74,No,Moderate,Rice
Loamy,88,Khulna,Winter,96.33,32.13,Unused,236,6.4,11.73,Yes,Moderate,Tea
Loamy,46,Barishal,Summer,257.56,15.62,Residential,173,5.84,5.05,No,Low,None
Peaty,56,Chattogram,Monsoon,259.69,19.29,Residential,173,6.82,6.97,Yes,Moderate,Tea
Clay,59,Sylhet,Autumn,173.71,26.34,Barren,193,8.06,4.21,No,Moderate,Maize
Clay,80,Khulna,Winter,210.46,26.37,Residential,111,6.78,5.77,No,High,Jute
Loamy,88,Barishal,Autumn,63.29,32.14,Residential,452,7.03,10.24,Yes,Low,Tea
Clay,59,Barishal,Summer,311.05,37.76,Residential,357,6.57,5.61,Yes,Moderate,Jute
Clay,93,Sylhet,Monsoon,242.26,30.98,Barren,499,4.7,4.64,Yes,Low,None
Loamy,61,Chattogram,Autumn,70.21,38.84,Agricultural,200,5.43,7.8,Yes,Moderate,None
Clay,67,Rangpur,Autumn,288.26,37.04,Residential,150,6.47,4.08,Yes,High,Maize
Silt,100,Rangpur,Autumn,213.37,29.61,Barren,469,5.74,4.68,No,Low,None
Sandy,79,Barishal,Summer,62.06,35.84,Barren,500,5.23,10.46,Yes,Moderate,Maize
Sandy,88,Rangpur,Autumn,389.36,31.06,Unused,317,6.52,10.17,Yes,High,Tea
Loamy,46,Dhaka,Summer,382.19,16.96,Barren,294,5.79,11.32,No,Moderate,None
Peaty,40,Barishal,Summer,229.52,33.51,Agricultural,292,5.53,10.84,Yes,Low,Rice
Loamy,71,Barishal,Summer,82.79,17.37,Residential,436,6.36,9.47,No,Moderate,Vegetables
Peaty,52,Khulna,Monsoon,314.12,29.85,Barren,95,5.03,4.42,Yes,Low,Wheat
Sandy,69,Rangpur,Monsoon,222.18,32.57,Agricultural,196,8.21,10.26,No,Low,Vegetables
Loamy,62,Chattogram,Autumn,155.86,16.66,Barren,203,7.97,10.76,Yes,Moderate,Vegetables
Silt,90,Barishal,Autumn,222.0,20.77,Barren,338,7.33,10.39,No,High,Jute
Clay,98,Chattogram,Monsoon,232.86,37.89,Barren,150,4.92,8.07,No,None,Maize
Peaty,95,Dhaka,Winter,246.95,30.41,Barren,382,7.6,5.86,Yes,High,Jute
Clay,58,Khulna,Monsoon,204.43,21.16,Barren,68,7.73,10.76,Yes,High,Tea
Clay,71,Sylhet,Summer,262.01,32.27,Agricultural,74,7.57,9.82,Yes,Moderate,Wheat
Loamy,69,Chattogram,Monsoon,371.56,29.92,Residential,173,4.96,11.85,No,High,Tea
Clay,68,Barishal,Summer,176.79,27.54,Residential,374,7.08,5.25,No,High,Rice
Silt,88,Dhaka,Autumn,304.0,39.4,Residential,219,7.84,5.81,No,None,Wheat
Clay,84,Rajshahi,Winter,363.06,32.09,Residential,327,6.81,5.69,Yes,High,Jute
Loamy,68,Dhaka,Autumn,209.59,24.39,Agricultural,375,7.09,10.34,Yes,None,None
Silt,69,Dhaka,Summer,205.21,35.0,Unused,392,6.33,5.5,No,Moderate,None
Sandy,55,Khulna,Summer,260.74,37.11,Unused,137,6.61,4.53,Yes,None,Jute
Clay,79,Sylhet,Summer,256.99,18.13,Agricultural,282,4.64,11.99,No,Low,Tea
Loamy,58,Rajshahi,Winter,332.31,20.01,Agricultural,65,7.06,4.2,Yes,Low,Jute
Sandy,57,Rangpur,Monsoon,216.77,20.41,Barren,321,4.83,10.68,Yes,None,Jute
Sandy,40,Rangpur,Autumn,398.64,32.28,Barren,375,6.24,6.92,No,Low,Vegetables
Peaty,53,Chattogram,Autumn,70.82,30.08,Barren,419,5.67,10.73,Yes,Moderate,Rice
Silt,90,Dhaka,Monsoon,51.11,30.47,Residential,427,6.68,8.44,Yes,Low,None
Clay,86,Khulna,Autumn,274.07,38.52,Barren,208,5.03,11.21,Yes,None,Vegetables
Loamy,89,Khulna,Winter,154.45,34.4,Unused,329,7.27,11.41,Yes,Moderate,Jute
Peaty,41,Rangpur,Autumn,134.13,18.2,Residential,337,7.68,4.07,Yes,Low,Maize
Silt,93,Chattogram,Summer,159.16,23.69,Barren,148,5.15,4.6,No,Moderate,Vegetables
Peaty,67,Chattogram,Monsoon,139.62,25.88,Residential,68,4.92,6.0,Yes,None,Jute
Silt,88,Chattogram,Winter,60.78,24.9,Unused,44,5.08,9.35,No,Low,None
Silt,89,Rajshahi,Monsoon,390.04,31.73,Barren,285,8.01,11.11,Yes,Moderate,Jute
Clay,69,Sylhet,Winter,127.26,37.3,Unused,137,6.61,7.68,Yes,Moderate,Rice
Silt,77,Rajshahi,Summer,306.91,22.65,Unused,483,6.37,8.86,No,Low,Tea
Peaty,90,Barishal,Monsoon,316.91,28.8,Unused,163,4.93,5.51,No,Moderate,Wheat
Silt,43,Barishal,Autumn,375.24,34.74,Barren,461,7.1,10.44,Yes,Moderate,Vegetables
Clay,40,Sylhet,Winter,60.69,25.41,Agricultural,219,7.97,11.74,Yes,None,Vegetables
Clay,47,Rangpur,Monsoon,355.22,19.2,Barren,176,7.81,6.15,No,None,Vegetables
Peaty,68,Sylhet,Autumn,234.53,26.87,Unused,367,7.0,7.96,No,None,Jute
Sandy,94,Khulna,Monsoon,271.39,16.38,Barren,153,4.8,4.69,No,None,Rice
Sandy,78,Barishal,Monsoon,275.56,38.56,Unused,419,4.95,8.47,No,None,Jute
Silt,42,Dhaka,Monsoon,336.93,16.87,Agricultural,167,4.7,8.02,Yes,None,Jute
Loamy,71,Dhaka,Winter,166.69,25.96,Residential,355,5.53,5.16,Yes,Low,Tea
Silt,49,Rangpur,Autumn,306.57,28.25,Agricultural,90,5.04,7.54,Yes,None,Maize
Peaty,49,Khulna,Summer,235.0,39.63,Agricultural,252,5.54,6.67,Yes,Moderate,Rice
Peaty,58,Rajshahi,Winter,327.69,19.15,Residential,353,6.04,8.17,Yes,Low,Vegetables
Peaty,85,Khulna,Winter,396.69,17.86,Barren,318,8.27,8.69,No,Moderate,Wheat
Peaty,73,Dhaka,Winter,120.23,15.22,Residential,173,6.94,4.07,No,None,Vegetables
Peaty,99,Dhaka,Summer,398.13,18.89,Barren,109,7.84,10.09,No,None,Jute
Clay,72,Barishal,Autumn,81.43,20.18,Barren,353,7.34,9.7,Yes,Moderate,Rice
Sandy,62,Khulna,Autumn,50.81,30.76,Unused,218,4.95,6.93,No,Moderate,None
Peaty,94,Khulna,Autumn,65.46,20.49,Unused,180,7.44,4.42,Yes,Moderate,Rice
Loamy,67,Dhaka,Monsoon,169.62,15.51,Residential,45,5.6,10.04,Yes,High,Rice
Loamy,71,Rajshahi,Monsoon,271.52,35.67,Agricultural,140,7.06,11.64,Yes,High,Maize
Loamy,89,Rangpur,Monsoon,74.16,24.14,Residential,320,5.86,5.92,No,High,Vegetables
Loamy,46,Chattogram,Summer,51.98,23.84,Barren,231,8.49,6.59,Yes,High,Maize
Clay,68,Rangpur,Monsoon,377.98,22.56,Unused,82,5.55,5.47,Yes,Low,None
Loamy,47,Khulna,Summer,337.67,39.38,Residential,470,5.62,8.62,No,None,None
Peaty,40,Rangpur,Autumn,333.21,19.25,Residential,455,8.22,5.24,Yes,Moderate,Tea
Silt,96,Dhaka,Monsoon,359.55,37.46,Unused,87,4.6,6.85,No,None,Wheat
Loamy,94,Dhaka,Monsoon,295.01,34.42,Unused,272,7.29,9.58,Yes,Moderate,Tea
Clay,42,Khulna,Winter,86.54,16.91,Unused,429,7.4,8.48,No,None,Jute
Clay,63,Khulna,Summer,189.69,39.67,Barren,478,7.85,7.09,Yes,Low,Maize
Loamy,62,Chattogram,Autumn,303.1,21.78,Unused,21,8.4,7.36,Yes,High,Maize
Silt,98,Chattogram,Winter,148.12,17.46,Agricultural,417,8.4,8.5,No,None,Tea
Loamy,100,Barishal,Winter,290.59,35.73,Residential,127,4.76,4.05,Yes,Moderate,Jute
Clay,47,Khulna,Autumn,58.57,32.67,Unused,305,7.79,4.63,No,None,Rice
Sandy,93,Rajshahi,Winter,157.15,30.43,Unused,68,7.09,11.05,Yes,Low,Jute
Peaty,96,Rangpur,Summer,242.2,18.9,Barren,159,7.09,4.62,No,Low,Vegetables
Clay,86,Khulna,Summer,271.23,26.96,Barren,237,5.01,9.65,Yes,None,Tea
Loamy,76,Sylhet,Monsoon,251.96,34.51,Residential,63,7.1,11.36,Yes,High,Jute
Peaty,42,Barishal,Winter,294.21,22.59,Agricultural,436,8.43,6.17,Yes,Moderate,Rice
Loamy,90,Sylhet,Monsoon,52.13,22.79,Residential,288,8.15,6.96,No,Low,Jute
Loamy,72,Dhaka,Winter,85.33,15.08,Unused,97,6.26,8.55,No,Low,Maize
Sandy,67,Chattogram,Summer,354.13,19.36,Agricultural,235,4.66,11.05,No,None,Wheat
Peaty,86,Rangpur,Summer,288.61,36.89,Agricultural,401,5.95,11.54,No,Low,Maize
Peaty,47,Khulna,Summer,89.53,26.04,Agricultural,117,7.81,9.92,No,Low,None
Sandy,73,Sylhet,Winter,344.73,39.61,Agricultural,255,7.31,4.69,Yes,Moderate,Wheat
Clay,74,Rangpur,Summer,134.78,24.89,Residential,301,6.34,9.35,Yes,High,None
Loamy,71,Dhaka,Winter,217.39,32.88,Barren,168,4.72,7.28,Yes,Moderate,Jute
Silt,63,Chattogram,Monsoon,100.82,22.05,Barren,431,6.21,7.77,Yes,High,Vegetables
Loamy,53,Rajshahi,Winter,298.54,24.1,Unused,323,6.38,4.39,Yes,Moderate,Jute
Loamy,71,Barishal,Monsoon,283.4,19.77,Barren,443,8.21,5.53,No,None,Rice
Clay,95,Rangpur,Winter,123.89,23.68,Barren,85,7.06,10.32,Yes,Low,Jute
Loamy,85,Rangpur,Monsoon,352.19,28.68,Barren,253,5.75,7.63,No,High,Wheat
Sandy,82,Rajshahi,Summer,190.46,39.79,Barren,476,6.6,6.41,Yes,None,Maize
Sandy,55,Rangpur,Monsoon,152.38,31.61,Unused,106,4.76,7.07,No,Low,Vegetables
Peaty,43,Dhaka,Summer,103.32,19.98,Residential,98,8.39,10.84,No,Low,None
Silt,91,Dhaka,Summer,143.16,16.12,Agricultural,224,5.94,9.99,No,Low,Jute
Loamy,76,Rajshahi,Monsoon,57.71,18.16,Barren,298,6.41,6.18,Yes,Moderate,Jute
Loamy,93,Barishal,Winter,254.14,29.06,Residential,356,5.92,4.94,Yes,None,Maize
Clay,60,Khulna,Winter,344.78,34.13,Barren,273,7.23,6.02,Yes,None,Vegetables
Sandy,53,Sylhet,Autumn,242.14,38.51,Barren,323,7.15,11.37,Yes,Low,Tea
Silt,70,Khulna,Winter,126.75,15.4,Agricultural,399,7.36,8.65,No,High,None
Peaty,94,Rangpur,Autumn,61.78,28.07,Agricultural,149,5.57,8.27,No,None,Jute
Sandy,87,Sylhet,Winter,125.12,26.77,Agricultural,103,5.76,8.77,No,Moderate,Jute
Peaty,57,Rajshahi,Winter,195.64,31.4,Barren,295,5.0,6.93,No,High,Tea
Clay,46,Rajshahi,Summer,315.86,28.99,Barren,206,7.12,10.46,Yes,High,None
Clay,49,Barishal,Autumn,115.74,32.18,Barren,65,4.66,8.19,No,High,Wheat
Loamy,46,Sylhet,Winter,301.93,31.45,Agricultural,406,6.89,4.93,Yes,High,Wheat
Silt,72,Dhaka,Autumn,353.43,17.93,Unused,202,7.98,5.03,No,None,Rice
Peaty,62,Sylhet,Summer,208.88,34.99,Residential,287,8.06,8.29,No,Low,Maize
Sandy,60,Rangpur,Summer,337.5,18.08,Unused,315,6.3,11.49,No,High,Vegetables
Clay,58,Dhaka,Autumn,244.13,32.46,Barren,341,6.34,6.47,Yes,Moderate,Jute
Loamy,87,Chattogram,Summer,272.98,25.4,Barren,119,4.81,10.96,Yes,Moderate,None
Loamy,100,Chattogram,Monsoon,234.2,27.85,Unused,97,7.18,10.11,No,Low,Jute
Peaty,58,Chattogram,Monsoon,212.11,37.58,Barren,291,7.79,5.98,No,None,Rice
Clay,75,Rajshahi,Summer,132.13,37.25,Residential,358,5.48,4.29,No,Low,None
Silt,68,Sylhet,Monsoon,156.12,35.45,Barren,181,6.19,4.81,Yes,High,None
Clay,99,Chattogram,Winter,151.49,27.75,Residential,63,7.86,9.83,Yes,None,Jute
Peaty,57,Khulna,Autumn,247.15,33.41,Unused,257,8.01,5.6,Yes,None,Maize
Peaty,41,Barishal,Winter,91.98,27.82,Unused,153,5.47,6.97,No,High,Rice
Clay,40,Khulna,Autumn,370.88,36.74,Barren,480,6.7,8.01,Yes,Moderate,Maize
Peaty,86,Chattogram,Summer,302.23,25.07,Residential,211,5.27,9.8,No,High,Rice
Clay,44,Barishal,Winter,190.51,39.26,Barren,375,4.91,4.91,Yes,Low,Jute
Sandy,59,Rangpur,Summer,105.52,38.31,Agricultural,297,8.14,7.25,No,High,Rice
Clay,50,Khulna,Summer,358.7,33.54,Agricultural,37,7.78,7.88,No,Moderate,Wheat
Clay,81,Sylhet,Autumn,338.32,21.99,Agricultural,31,7.54,8.33,Yes,High,None
Peaty,41,Sylhet,Autumn,302.6,18.29,Agricultural,199,4.7,10.55,No,Low,Vegetables
Peaty,42,Khulna,Autumn,145.04,36.37,Barren,142,7.87,5.37,No,Low,Jute
Loamy,62,Chattogram,Winter,190.86,19.13,Agricultural,265,6.25,10.46,No,Moderate,Tea
Loamy,94,Sylhet,Monsoon,85.96,36.36,Residential,241,5.87,9.54,Yes,Low,Vegetables
Sandy,51,Rangpur,Autumn,116.16,27.27,Unused,392,6.69,8.45,No,Low,Jute
Loamy,59,Dhaka,Autumn,324.06,25.16,Unused,70,4.87,9.6,Yes,High,Vegetables
Clay,44,Chattogram,Winter,300.26,37.58,Agricultural,90,7.53,7.3,Yes,None,Wheat
Peaty,76,Rangpur,Autumn,257.72,30.1,Agricultural,499,6.83,5.11,No,Low,Vegetables
Loamy,77,Barishal,Winter,363.5,29.42,Agricultural,67,5.25,9.33,Yes,Low,Rice
Loamy,69,Rangpur,Summer,254.14,28.97,Barren,38,5.25,8.2,No,Moderate,Vegetables
Sandy,48,Chattogram,Autumn,213.44,24.28,Unused,281,5.24,9.11,Yes,Moderate,Jute
Sandy,73,Barishal,Autumn,169.13,34.64,Agricultural,103,4.73,6.7,No,High,Tea
Clay,92,Chattogram,Summer,379.16,21.32,Residential,174,6.85,11.25,Yes,High,Tea
Peaty,83,Sylhet,Summer,78.95,38.47,Agricultural,72,7.86,8.7,No,Low,Maize
Sandy,74,Dhaka,Summer,375.81,37.35,Unused,126,4.57,4.68,No,None,None
Loamy,91,Chattogram,Autumn,339.35,23.44,Agricultural,376,4.7,7.6,No,None,Vegetables
Peaty,97,Chattogram,Monsoon,95.48,33.24,Unused,323,6.79,10.05,No,High,Tea
Peaty,61,Sylhet,Monsoon,247.74,29.33,Agricultural,154,7.78,10.35,Yes,Moderate,Vegetables
Loamy,83,Rajshahi,Monsoon,353.29,23.44,Residential,462,5.81,7.96,Yes,Low,None
Sandy,63,Sylhet,Autumn,250.13,39.71,Agricultural,88,5.9,11.16,No,Low,Tea
Loamy,56,Barishal,Summer,367.52,15.63,Residential,30,6.89,6.14,Yes,None,None
Peaty,49,Sylhet,Autumn,380.04,21.32,Residential,162,5.6,7.28,No,High,Vegetables
Silt,69,Sylhet,Summer,197.83,28.0,Agricultural,211,4.61,11.19,No,None,Jute
Silt,95,Dhaka,Autumn,182.06,28.05,Residential,406,7.44,11.17,Yes,None,Vegetables
Clay,98,Sylhet,Autumn,377.71,29.72,Barren,397,7.0,9.49,Yes,High,None
Loamy,85,Chattogram,Summer,286.3,33.79,Agricultural,88,6.82,10.87,No,Moderate,Jute
Loamy,62,Dhaka,Monsoon,90.61,30.59,Agricultural,42,7.47,4.71,Yes,Low,Jute
Clay,71,Khulna,Summer,64.8,30.01,Residential,200,7.2,10.92,No,Moderate,Maize
Clay,56,Rajshahi,Winter,247.62,16.34,Residential,312,5.32,6.56,Yes,High,Tea
Clay,89,Dhaka,Winter,375.56,24.41,Agricultural,28,5.91,5.43,Yes,High,Rice
Peaty,90,Barishal,Summer,345.49,20.8,Barren,290,5.0,5.91,Yes,Low,Jute
Loamy,56,Khulna,Autumn,286.55,21.63,Residential,406,5.02,7.34,Yes,Moderate,None
Peaty,53,Dhaka,Winter,98.69,28.86,Residential,112,7.2,6.01,Yes,Low,Tea
Clay,48,Dhaka,Winter,138.98,19.99,Unused,473,7.93,6.56,No,None,Wheat
Loamy,79,Rajshahi,Autumn,356.43,22.35,Barren,36,8.35,5.08,Yes,None,Vegetables
Peaty,41,Chattogram,Autumn,113.98,20.93,Barren,173,7.01,6.37,Yes,None,None
Peaty,84,Barishal,Monsoon,147.45,38.71,Agricultural,424,5.24,8.58,No,Moderate,Wheat
Clay,64,Rangpur,Autumn,95.36,38.62,Barren,347,4.92,7.53,No,None,None
Loamy,78,Rangpur,Summer,286.64,30.25,Agricultural,168,7.75,6.77,No,Low,Vegetables
Clay,48,Dhaka,Summer,380.39,38.11,Unused,396,6.82,9.97,Yes,Moderate,Maize
Loamy,93,Sylhet,Monsoon,144.14,34.65,Barren,286,6.97,11.15,Yes,Low,None
Silt,61,Barishal,Winter,216.39,29.75,Residential,441,7.63,10.05,No,High,Jute
Sandy,82,Khulna,Winter,272.02,15.16,Unused,347,7.31,6.66,No,Moderate,Rice
Sandy,85,Sylhet,Autumn,399.81,34.31,Agricultural,125,7.84,9.96,No,Low,Jute
Sandy,43,Sylhet,Summer,86.68,32.56,Unused,491,4.72,5.22,No,Low,Vegetables
Clay,65,Barishal,Winter,224.5,30.38,Agricultural,400,7.49,5.04,Yes,Moderate,None
Silt,97,Chattogram,Monsoon,184.79,34.01,Unused,54,7.9,6.77,Yes,High,Rice
Loamy,68,Dhaka,Monsoon,353.04,27.82,Agricultural,138,5.64,10.46,Yes,Moderate,Jute
Peaty,84,Dhaka,Summer,216.59,32.6,Barren,33,7.06,5.97,Yes,None,Rice
Loamy,73,Dhaka,Monsoon,88.84,38.38,Residential,33,5.76,4.51,Yes,None,Vegetables
Peaty,62,Dhaka,Monsoon,272.05,24.4,Agricultural,285,8.33,5.05,No,High,Maize
Loamy,76,Rangpur,Summer,319.77,32.7,Unused,159,4.63,10.87,Yes,Low,Maize
Silt,50,Dhaka,Autumn,51.01,26.89,Agricultural,313,6.82,9.07,No,Low,None
Peaty,45,Rangpur,Autumn,350.63,31.86,Agricultural,383,5.17,6.03,No,Low,Jute
Clay,57,Rangpur,Monsoon,115.11,34.07,Agricultural,138,7.35,8.44,No,Moderate,Wheat
Loamy,60,Chattogram,Autumn,243.22,16.14,Unused,257,5.2,8.22,Yes,Moderate,Vegetables
Loamy,81,Dhaka,Autumn,195.53,31.17,Residential,53,5.44,9.24,No,High,Jute
Peaty,75,Rajshahi,Monsoon,301.88,20.67,Barren,188,6.48,5.87,Yes,None,Jute
Clay,80,Khulna,Autumn,179.91,31.75,Residential,29,8.16,10.92,No,Low,Maize
Clay,77,Sylhet,Monsoon,354.42,26.71,Agricultural,141,5.35,6.47,Yes,None,None
Silt,73,Rangpur,Winter,305.67,34.34,Unused,420,5.08,9.55,No,Moderate,Rice
Clay,56,Barishal,Summer,276.7,18.09,Residential,164,7.54,4.13,Yes,Moderate,Vegetables
Clay,76,Barishal,Summer,328.68,30.66,Agricultural,470,6.5,6.98,No,Moderate,Rice
Clay,64,Khulna,Autumn,313.91,21.96,Barren,465,8.15,6.81,No,None,Tea
Sandy,77,Barishal,Autumn,62.58,36.32,Barren,242,5.09,8.35,No,High,Tea
Silt,97,Rajshahi,Autumn,188.16,38.21,Barren,390,7.08,4.58,No,High,Vegetables
Loamy,51,Barishal,Summer,375.78,39.91,Agricultural,276,5.43,10.32,Yes,Moderate,None
Peaty,62,Sylhet,Winter,94.0,34.9,Unused,287,5.13,5.74,Yes,Low,Wheat
Loamy,92,Sylhet,Winter,307.98,33.84,Residential,378,7.23,9.42,Yes,None,Tea
Silt,81,Rangpur,Summer,391.11,20.39,Barren,23,6.87,10.43,No,Moderate,Maize
Peaty,61,Dhaka,Winter,68.27,23.4,Agricultural,445,7.52,8.5,No,None,Wheat
Silt,60,Chattogram,Summer,288.77,26.64,Agricultural,416,5.74,9.93,No,None,Jute
Clay,66,Rajshahi,Winter,213.85,34.33,Residential,373,6.29,9.29,No,High,Tea
Peaty,96,Rangpur,Monsoon,252.71,37.87,Barren,125,6.12,6.84,No,Moderate,Maize
Clay,70,Rajshahi,Monsoon,79.87,19.73,Agricultural,104,8.44,10.47,No,High,Jute
Loamy,45,Dhaka,Summer,65.05,38.06,Residential,233,5.67,6.36,Yes,Moderate,Wheat
Loamy,66,Barishal,Winter,283.4,32.39,Unused,140,5.68,8.57,Yes,None,Vegetables
Peaty,79,Barishal,Autumn,338.16,30.27,Unused,151,5.92,9.96,Yes,High,Jute
Peaty,73,Chattogram,Winter,323.71,20.0,Unused,357,6.76,7.03,Yes,None,Rice
Silt,51,Dhaka,Monsoon,240.33,16.39,Barren,216,5.51,6.42,Yes,Moderate,Vegetables
Silt,84,Rangpur,Monsoon,84.95,29.21,Residential,38,8.16,7.67,Yes,Low,Vegetables
Clay,96,Chattogram,Winter,290.82,31.29,Residential,149,5.56,10.54,Yes,High,Wheat
Peaty,92,Dhaka,Winter,134.66,20.27,Agricultural,31,8.08,11.44,Yes,High,Wheat
Loamy,46,Khulna,Autumn,368.87,28.91,Agricultural,100,4.91,8.36,No,None,Maize
Silt,49,Sylhet,Autumn,343.39,36.41,Agricultural,349,7.13,9.29,No,None,Maize
Silt,84,Chattogram,Winter,298.28,35.88,Residential,373,8.13,11.23,No,Low,Rice
Loamy,56,Chattogram,Winter,382.1,38.18,Agricultural,281,5.17,4.79,No,High,Vegetables
Silt,65,Rangpur,Winter,61.0,24.15,Residential,411,8.37,5.86,No,Moderate,None
Clay,60,Rajshahi,Winter,307.67,22.95,Residential,144,6.31,9.67,No,Moderate,Rice
Peaty,67,Khulna,Summer,165.58,33.74,Unused,326,8.28,10.59,No,High,Rice
Loamy,97,Rangpur,Winter,367.12,25.78,Agricultural,286,7.21,10.86,Yes,High,None
Peaty,85,Dhaka,Autumn,143.34,17.19,Unused,466,5.71,7.32,Yes,High,None
Silt,41,Dhaka,Monsoon,303.7,22.07,Barren,460,5.25,4.71,No,Low,None
Silt,99,Dhaka,Summer,357.18,25.46,Barren,402,5.71,7.5,Yes,Moderate,Wheat
Loamy,93,Dhaka,Winter,64.58,22.31,Barren,159,4.87,5.85,Yes,Moderate,Rice
Clay,82,Rajshahi,Monsoon,189.18,23.31,Residential,348,5.08,6.33,Yes,None,Rice
Sandy,40,Khulna,Summer,316.81,22.34,Residential,21,4.92,10.18,Yes,None,Jute
Loamy,90,Barishal,Monsoon,209.22,16.04,Residential,27,6.19,4.6,Yes,High,None
Sandy,92,Sylhet,Winter,143.54,30.93,Agricultural,269,7.68,10.62,No,None,None
Sandy,75,Rajshahi,Winter,126.93,29.93,Unused,158,5.07,7.42,Yes,Low,Maize
Clay,90,Rajshahi,Autumn,96.03,31.33,Residential,143,5.02,8.77,No,Moderate,Maize
Sandy,65,Barishal,Winter,350.0,19.81,Unused,328,7.07,4.72,No,Moderate,Vegetables
Sandy,68,Barishal,Winter,251.37,22.39,Unused,247,5.29,6.7,No,None,Maize
Clay,60,Sylhet,Summer,76.73,30.49,Unused,29,4.89,4.72,Yes,High,Tea
Sandy,50,Sylhet,Autumn,183.9,29.99,Agricultural,488,5.17,11.69,No,None,Vegetables
Sandy,79,Barishal,Summer,178.71,27.66,Agricultural,231,8.19,10.46,No,High,None
Sandy,50,Dhaka,Monsoon,113.61,23.76,Barren,131,7.79,7.68,No,Low,Jute
Loamy,75,Rajshahi,Winter,202.43,37.82,Barren,27,5.92,5.79,No,Moderate,Maize
Loamy,88,Rangpur,Monsoon,166.23,23.49,Unused,311,7.12,11.47,Yes,Low,Jute
Loamy,98,Sylhet,Summer,169.63,26.39,Barren,496,6.65,6.76,No,Moderate,Maize
Clay,78,Sylhet,Winter,308.66,31.95,Unused,381,7.21,5.29,No,Low,Maize
Silt,79,Barishal,Winter,128.14,28.58,Agricultural,479,7.23,8.51,No,None,Jute
Sandy,74,Khulna,Summer,274.65,23.67,Agricultural,272,7.01,11.55,No,Low,Rice
Sandy,93,Rangpur,Summer,249.73,25.89,Agricultural,33,5.56,4.03,Yes,Low,Rice
Clay,73,Rangpur,Summer,248.83,34.86,Residential,259,4.66,5.9,No,None,Rice
Sandy,94,Sylhet,Summer,282.05,21.95,Unused,457,6.32,11.51,No,Moderate,Tea
Loamy,86,Dhaka,Summer,241.93,18.56,Agricultural,261,8.06,5.37,No,Moderate,Rice
Silt,63,Khulna,Winter,357.74,22.83,Unused,488,6.78,4.91,No,None,Maize
Peaty,93,Rangpur,Summer,286.45,36.24,Barren,361,7.83,8.56,No,Low,None
Sandy,61,Sylhet,Winter,241.44,17.22,Barren,168,8.47,10.89,No,Low,Wheat
Loamy,44,Rangpur,Winter,340.42,39.79,Agricultural,255,5.15,7.82,Yes,Low,Jute
Peaty,95,Chattogram,Summer,262.15,28.53,Unused,325,7.27,11.96,No,High,None
Silt,72,Khulna,Summer,151.9,39.62,Agricultural,497,7.2,9.43,Yes,Moderate,Wheat
Peaty,97,Khulna,Autumn,122.48,38.47,Barren,186,8.42,4.59,Yes,Low,None
Loamy,75,Chattogram,Winter,103.31,26.32,Agricultural,39,8.44,11.94,No,Moderate,Tea
Peaty,86,Rajshahi,Summer,364.81,19.96,Unused,235,7.25,7.26,Yes,Low,Wheat
Clay,59,Chattogram,Summer,298.55,19.12,Barren,362,5.47,6.3,No,None,Vegetables
Peaty,58,Barishal,Summer,378.08,21.0,Residential,154,7.69,8.46,Yes,None,Rice
Sandy,74,Barishal,Autumn,261.15,32.75,Barren,412,4.93,6.43,No,Moderate,Tea
Sandy,91,Sylhet,Autumn,215.69,21.82,Residential,148,7.62,4.69,Yes,Moderate,None
Clay,82,Khulna,Monsoon,70.9,23.54,Agricultural,429,8.14,4.01,Yes,None,Maize
Loamy,56,Rajshahi,Winter,285.07,26.22,Agricultural,441,6.03,7.6,No,High,Rice
Sandy,98,Rajshahi,Monsoon,253.77,37.83,Unused,313,7.02,10.69,Yes,None,Rice
Silt,84,Rangpur,Summer,396.57,19.73,Residential,265,6.22,8.58,Yes,Low,Wheat
Sandy,82,Rangpur,Autumn,133.71,15.13,Agricultural,208,6.25,11.99,Yes,High,Vegetables
Sandy,73,Chattogram,Autumn,235.76,16.5,Residential,63,5.74,6.29,Yes,None,Rice
Loamy,48,Rajshahi,Monsoon,277.84,37.62,Agricultural,105,7.55,6.24,Yes,High,None
Peaty,65,Chattogram,Autumn,275.61,31.19,Barren,63,8.24,5.28,No,High,None
Sandy,41,Chattogram,Summer,246.45,21.83,Agricultural,349,8.26,5.31,Yes,High,Jute
Clay,92,Rangpur,Autumn,321.92,19.43,Unused,394,5.2,6.28,Yes,Moderate,Jute
Peaty,48,Khulna,Monsoon,121.74,22.36,Barren,465,8.0,10.34,No,None,Rice
Silt,48,Chattogram,Summer,303.97,17.87,Unused,397,7.45,11.25,No,Moderate,Wheat
Loamy,79,Dhaka,Monsoon,266.91,38.54,Barren,409,5.51,11.8,No,Moderate,Wheat
Silt,56,Khulna,Autumn,363.63,34.61,Residential,164,4.77,5.86,Yes,Low,Maize
Peaty,40,Rajshahi,Monsoon,346.52,26.56,Unused,70,5.57,11.05,Yes,Low,Tea
Peaty,64,Rajshahi,Monsoon,160.3,36.62,Agricultural,261,8.15,6.63,Yes,High,Tea
Peaty,100,Chattogram,Winter,146.68,21.24,Residential,313,7.03,4.9,Yes,High,Tea
Silt,82,Khulna,Autumn,393.58,32.93,Agricultural,427,7.38,10.96,No,Low,Vegetables
Peaty,79,Rangpur,Autumn,234.54,36.4,Barren,70,5.53,9.09,No,Low,Wheat
Silt,81,Rangpur,Monsoon,367.25,23.92,Barren,285,7.38,5.32,Yes,None,Maize
Peaty,64,Barishal,Winter,107.36,33.94,Agricultural,139,4.61,7.44,Yes,High,Jute
Clay,78,Rajshahi,Autumn,274.99,22.38,Agricultural,219,6.0,6.3,Yes,High,None
Peaty,74,Sylhet,Summer,333.45,22.47,Residential,424,7.01,9.89,Yes,Low,Tea
Silt,42,Barishal,Monsoon,381.59,17.68,Agricultural,267,5.08,7.63,No,None,Jute
Sandy,89,Rangpur,Autumn,168.07,26.0,Unused,89,7.79,11.91,No,Low,Jute
Peaty,76,Khulna,Summer,303.74,33.24,Unused,360,5.44,4.44,Yes,Low,Rice
Sandy,83,Rangpur,Autumn,238.58,38.51,Agricultural,76,7.11,6.84,No,Moderate,Vegetables
Clay,83,Khulna,Summer,71.22,30.09,Unused,401,6.12,7.86,Yes,High,Maize
Loamy,90,Barishal,Monsoon,291.5,36.58,Agricultural,58,6.88,8.03,Yes,None,Vegetables
Clay,69,Rajshahi,Autumn,291.53,35.56,Residential,491,4.93,6.53,No,Moderate,Rice
Peaty,77,Rangpur,Autumn,375.71,19.33,Unused,308,4.57,9.83,Yes,High,Maize
Sandy,73,Chattogram,Winter,224.06,27.15,Unused,462,8.14,11.0,No,Low,Maize
Sandy,51,Khulna,Monsoon,130.59,17.92,Agricultural,37,5.58,11.51,Yes,None,Wheat
Silt,58,Rajshahi,Summer,65.6,32.05,Unused,459,7.78,10.44,No,High,Vegetables
Sandy,76,Sylhet,Autumn,195.47,38.75,Barren,239,8.5,10.8,Yes,Low,Vegetables
Silt,83,Khulna,Autumn,155.67,18.43,Residential,332,5.35,8.4,No,Moderate,Wheat
Loamy,98,Barishal,Summer,316.38,33.35,Residential,263,5.56,10.61,Yes,None,Jute
Peaty,98,Sylhet,Monsoon,173.99,30.81,Unused,371,7.15,6.43,Yes,High,Rice
Silt,88,Sylhet,Winter,382.17,29.59,Unused,479,8.36,7.19,No,Moderate,Vegetables
Loamy,100,Dhaka,Winter,386.81,24.75,Barren,323,8.16,6.54,Yes,Low,Wheat
Sandy,56,Rangpur,Autumn,267.32,23.88,Barren,317,6.51,7.74,No,Low,None
Sandy,49,Khulna,Summer,375.03,16.13,Unused,302,7.68,6.28,No,High,Maize
Loamy,96,Sylhet,Autumn,316.3,20.45,Unused,93,5.04,11.69,Yes,Low,Tea
Sandy,94,Dhaka,Summer,241.4,15.38,Barren,129,8.41,6.5,Yes,None,None
Loamy,88,Barishal,Winter,113.11,29.54,Agricultural,199,8.36,4.78,Yes,High,Wheat
Silt,86,Rajshahi,Monsoon,210.51,17.65,Barren,445,5.15,8.21,Yes,Moderate,Tea
Silt,51,Chattogram,Summer,246.31,36.83,Agricultural,51,5.7,4.46,No,High,Jute
Loamy,55,Chattogram,Winter,352.39,28.08,Residential,253,4.9,4.88,Yes,High,Rice
Silt,63,Khulna,Autumn,218.47,32.49,Residential,301,5.59,5.76,Yes,Moderate,Tea
Silt,58,Sylhet,Summer,364.19,25.27,Barren,44,7.76,7.71,Yes,Low,Jute
Silt,47,Chattogram,Monsoon,286.02,29.01,Agricultural,350,6.01,7.47,No,Moderate,Tea
Clay,70,Rangpur,Autumn,97.95,38.57,Barren,298,4.85,10.4,Yes,None,Maize
Peaty,60,Chattogram,Autumn,398.24,17.07,Barren,245,5.87,9.92,No,Low,Maize
Sandy,56,Chattogram,Winter,234.53,21.35,Agricultural,76,8.43,7.41,Yes,High,Maize
Clay,62,Chattogram,Summer,187.15,34.5,Barren,199,7.02,6.67,No,Low,Maize
Silt,76,Dhaka,Autumn,280.69,17.47,Residential,251,6.16,6.53,Yes,Low,Wheat
Loamy,93,Sylhet,Monsoon,88.11,16.89,Unused,401,5.17,10.19,Yes,None,Maize
Silt,55,Rangpur,Summer,272.79,24.04,Unused,362,8.44,4.42,No,Low,None
Peaty,45,Sylhet,Monsoon,224.38,17.3,Barren,496,7.78,4.1,Yes,Low,Maize
Silt,47,Khulna,Autumn,192.34,29.63,Agricultural,306,5.63,10.36,Yes,Low,None
Loamy,64,Khulna,Monsoon,383.56,20.66,Agricultural,83,4.78,7.82,Yes,High,Wheat
Peaty,57,Khulna,Winter,232.89,37.39,Residential,474,4.73,5.05,No,Low,Maize
Silt,64,Barishal,Monsoon,126.69,34.59,Agricultural,251,4.98,5.88,Yes,Moderate,Jute
Peaty,51,Chattogram,Summer,210.64,32.49,Agricultural,308,6.82,11.46,No,Low,Jute
Sandy,54,Barishal,Monsoon,371.79,30.42,Residential,232,8.22,10.88,No,None,Vegetables
Sandy,98,Dhaka,Monsoon,111.63,36.59,Barren,277,6.49,9.68,No,Low,Jute
Silt,65,Khulna,Winter,124.88,20.58,Unused,37,7.87,7.86,Yes,Low,Rice
Peaty,80,Rangpur,Monsoon,54.56,36.83,Residential,194,6.28,8.16,No,High,Rice
Loamy,84,Sylhet,Monsoon,54.97,34.74,Barren,436,7.33,11.8,No,Moderate,Rice
Silt,65,Chattogram,Autumn,340.29,33.7,Residential,248,7.43,11.73,Yes,Low,Wheat
Sandy,86,Rajshahi,Autumn,306.24,29.03,Barren,245,5.2,5.72,No,Moderate,Jute
Sandy,71,Rangpur,Summer,174.26,21.16,Residential,103,5.94,10.49,No,None,None
Silt,49,Chattogram,Autumn,294.41,25.59,Barren,310,7.05,5.58,Yes,High,Rice
Peaty,55,Barishal,Autumn,188.32,34.84,Residential,454,4.78,5.71,Yes,Moderate,Vegetables
Sandy,46,Barishal,Autumn,383.51,15.79,Barren,389,5.95,9.41,No,High,Wheat
Peaty,56,Rangpur,Autumn,388.47,34.55,Residential,265,6.64,7.24,Yes,Low,Vegetables
Sandy,62,Barishal,Winter,187.48,21.0,Unused,421,8.48,11.45,Yes,None,Jute
Sandy,65,Khulna,Autumn,348.98,18.61,Unused,129,6.4,4.71,Yes,High,Maize
Clay,60,Dhaka,Winter,320.58,17.89,Agricultural,273,7.76,8.09,No,Low,Vegetables
Sandy,61,Sylhet,Winter,158.5,15.68,Barren,107,6.23,11.35,No,Moderate,Maize
Loamy,97,Dhaka,Autumn,131.21,28.09,Residential,91,7.69,11.23,Yes,None,Wheat
Silt,46,Chattogram,Monsoon,210.38,20.46,Barren,400,6.88,5.25,No,None,Vegetables
Silt,53,Sylhet,Winter,323.47,39.74,Unused,49,8.05,6.93,Yes,Moderate,Vegetables
Peaty,54,Sylhet,Monsoon,386.06,29.36,Barren,191,6.14,8.95,Yes,Moderate,Tea
Sandy,92,Dhaka,Monsoon,317.25,18.45,Residential,328,6.92,5.28,Yes,None,Wheat
Loamy,46,Rangpur,Autumn,349.32,32.22,Barren,413,7.02,11.74,Yes,High,Wheat
Peaty,48,Sylhet,Summer,261.07,37.44,Residential,362,6.17,11.32,Yes,None,Rice
Clay,90,Dhaka,Autumn,342.39,33.63,Unused,455,5.08,5.34,No,Moderate,Jute
Peaty,87,Sylhet,Summer,324.55,16.91,Unused,196,4.87,4.97,No,High,Vegetables
Peaty,47,Rajshahi,Summer,181.94,37.4,Unused,158,4.57,4.68,No,Low,Vegetables
Sandy,89,Rangpur,Autumn,243.2,34.85,Agricultural,213,7.99,11.28,No,None,None
Clay,98,Khulna,Autumn,331.66,18.96,Unused,205,5.45,5.55,Yes,Moderate,Wheat
Peaty,62,Sylhet,Summer,66.12,16.29,Barren,237,5.35,7.33,Yes,Low,Wheat
Loamy,68,Rajshahi,Autumn,332.83,28.93,Agricultural,183,7.44,7.59,No,None,Jute
Loamy,57,Khulna,Summer,112.26,18.9,Unused,180,5.78,8.79,No,None,Wheat
Silt,70,Khulna,Monsoon,230.14,35.86,Barren,450,6.52,4.57,Yes,High,Maize
Clay,69,Chattogram,Autumn,332.9,23.96,Barren,32,5.15,5.81,Yes,Moderate,Maize
Clay,91,Sylhet,Monsoon,138.84,37.82,Barren,315,8.34,11.45,Yes,Low,Tea
Silt,78,Dhaka,Winter,136.03,29.14,Residential,108,7.91,11.27,No,None,Maize
Peaty,74,Sylhet,Monsoon,190.97,19.57,Agricultural,343,7.96,10.25,Yes,High,Maize
Clay,57,Rajshahi,Monsoon,363.12,18.49,Barren,61,6.13,4.16,Yes,Low,Jute
Loamy,98,Khulna,Summer,50.15,29.41,Residential,422,7.55,6.62,No,Low,Vegetables
Loamy,81,Sylhet,Monsoon,365.48,34.05,Unused,229,5.08,9.02,No,None,Maize
Sandy,78,Dhaka,Autumn,103.83,34.54,Barren,248,4.53,6.2,No,Low,Tea
Clay,56,Chattogram,Summer,396.53,21.89,Residential,369,4.58,11.28,Yes,None,Wheat
Peaty,53,Sylhet,Winter,384.2,20.11,Barren,294,6.85,9.07,Yes,High,Maize
Silt,70,Rangpur,Autumn,223.14,15.42,Agricultural,461,6.32,4.58,No,High,Tea
Silt,63,Chattogram,Winter,229.45,31.98,Agricultural,298,6.57,11.27,Yes,Low,Jute
Peaty,74,Dhaka,Monsoon,218.54,16.91,Unused,270,4.53,11.66,Yes,None,None
Sandy,83,Rajshahi,Autumn,272.41,25.52,Barren,329,6.19,4.62,Yes,Moderate,None
Silt,99,Khulna,Autumn,81.75,30.04,Residential,227,7.37,8.26,No,High,None
Clay,84,Sylhet,Winter,61.42,38.43,Unused,340,6.27,6.43,No,None,Wheat
Sandy,73,Dhaka,Autumn,70.2,22.8,Barren,159,7.43,7.14,Yes,None,Tea
Clay,42,Chattogram,Autumn,205.53,21.24,Unused,299,5.43,5.44,Yes,None,Maize
Loamy,76,Rangpur,Autumn,146.44,31.35,Residential,53,7.75,8.62,Yes,Low,Vegetables
Sandy,82,Dhaka,Monsoon,267.71,30.48,Unused,328,6.85,11.66,Yes,Moderate,Wheat
Silt,79,Barishal,Winter,397.35,23.3,Unused,411,5.34,8.02,No,Low,Wheat
Sandy,65,Rangpur,Autumn,185.21,38.2,Unused,37,5.45,4.66,No,High,None
Sandy,94,Chattogram,Summer,250.84,36.12,Barren,76,7.01,8.96,Yes,Low,Vegetables
Sandy,62,Rajshahi,Summer,195.46,20.6,Residential,131,7.82,6.72,Yes,None,None
Sandy,83,Khulna,Summer,346.55,20.98,Agricultural,24,6.16,10.85,No,Low,Wheat
Clay,78,Chattogram,Summer,365.78,27.81,Barren,429,5.53,7.48,Yes,None,Maize
Loamy,54,Rajshahi,Monsoon,357.07,34.34,Agricultural,433,7.97,5.54,No,Moderate,None
Peaty,95,Sylhet,Autumn,391.03,16.1,Agricultural,201,7.18,5.53,Yes,Low,None
Sandy,88,Dhaka,Winter,59.63,32.33,Barren,32,6.29,10.15,No,Low,None
Silt,43,Barishal,Autumn,343.94,31.21,Barren,358,6.45,6.12,Yes,Low,Wheat
Sandy,68,Rangpur,Monsoon,313.12,20.79,Residential,304,5.32,10.14,Yes,None,Maize
Silt,61,Rangpur,Summer,130.04,32.03,Residential,278,7.01,5.65,No,None,Vegetables
Clay,64,Dhaka,Monsoon,384.71,38.5,Unused,109,5.93,6.57,No,Low,Rice
Silt,52,Barishal,Autumn,101.86,16.17,Agricultural,123,8.48,7.72,Yes,Low,Vegetables
Peaty,57,Dhaka,Winter,287.84,22.99,Residential,398,6.42,11.55,Yes,Moderate,Maize
Loamy,72,Sylhet,Monsoon,128.71,25.95,Unused,205,6.44,11.45,No,Moderate,Jute
Silt,55,Rajshahi,Winter,200.98,37.48,Residential,269,6.76,5.65,No,High,None
Silt,84,Chattogram,Monsoon,301.71,39.06,Barren,274,8.17,6.87,Yes,Moderate,Vegetables
Loamy,81,Rangpur,Winter,247.16,26.1,Residential,95,7.7,5.2,Yes,Moderate,Jute
Peaty,83,Sylhet,Winter,199.63,33.75,Agricultural,405,6.3,8.08,No,Moderate,Jute
Sandy,41,Rajshahi,Summer,164.22,28.29,Residential,478,7.37,7.68,No,None,Maize
Silt,94,Sylhet,Winter,343.88,28.44,Agricultural,127,6.84,11.21,No,Moderate,Maize
Loamy,74,Barishal,Summer,100.34,21.95,Barren,175,6.47,11.44,No,Moderate,None
Clay,81,Rangpur,Autumn,200.54,20.42,Agricultural,101,5.27,7.07,No,Low,Rice
Loamy,73,Chattogram,Autumn,366.32,22.2,Residential,96,6.36,7.93,Yes,None,Tea
Clay,69,Dhaka,Summer,346.05,28.91,Unused,489,5.48,11.17,Yes,High,Wheat
Peaty,98,Dhaka,Summer,190.33,15.73,Barren,479,8.16,10.45,No,High,Vegetables
Sandy,94,Rajshahi,Monsoon,317.09,37.68,Residential,277,5.84,4.03,Yes,Moderate,Maize
Loamy,52,Chattogram,Monsoon,338.11,18.91,Barren,146,8.31,6.56,Yes,High,Vegetables
Silt,52,Khulna,Monsoon,361.11,20.5,Barren,410,6.63,7.37,No,High,Tea
Peaty,57,Barishal,Autumn,240.58,27.96,Residential,301,7.03,5.84,Yes,High,Tea
Loamy,71,Rajshahi,Monsoon,121.56,32.75,Residential,493,6.67,5.6,Yes,Moderate,None
Silt,71,Khulna,Winter,139.36,17.39,Unused,107,5.02,4.3,Yes,High,Jute
Loamy,74,Sylhet,Winter,153.49,22.94,Barren,223,6.0,9.15,No,Moderate,None
Clay,98,Barishal,Monsoon,257.83,39.22,Barren,35,4.9,6.1,No,Low,Wheat
Loamy,78,Sylhet,Winter,61.48,21.56,Residential,170,6.99,4.42,Yes,Low,Rice
Loamy,85,Chattogram,Autumn,272.61,22.83,Agricultural,443,6.29,5.85,Yes,High,Vegetables
Loamy,91,Rangpur,Winter,177.52,35.91,Residential,273,7.61,10.42,Yes,Low,Wheat
Peaty,68,Barishal,Autumn,153.33,16.26,Barren,207,5.38,10.81,Yes,Moderate,Rice
Loamy,88,Khulna,Summer,357.82,26.62,Residential,348,5.16,7.86,Yes,Low,Vegetables
Silt,68,Rangpur,Summer,211.0,24.49,Unused,51,6.13,7.33,Yes,High,Wheat
Clay,92,Dhaka,Summer,83.27,22.91,Agricultural,290,8.21,11.82,No,Moderate,Maize
Clay,83,Khulna,Summer,339.36,22.14,Residential,416,7.34,5.6,Yes,None,Vegetables
Loamy,96,Rajshahi,Winter,66.67,17.28,Unused,24,6.18,5.72,Yes,Moderate,Wheat
Peaty,55,Dhaka,Monsoon,304.36,22.87,Barren,478,6.57,6.33,No,Low,Tea
Peaty,95,Dhaka,Winter,320.87,16.08,Residential,349,4.84,5.38,Yes,None,Rice
Silt,83,Rajshahi,Autumn,173.41,34.52,Barren,327,8.44,7.03,Yes,Moderate,Wheat
Loamy,86,Barishal,Winter,338.68,24.96,Unused,352,7.17,11.29,Yes,None,Maize
Clay,96,Dhaka,Winter,230.48,26.1,Barren,188,5.64,8.92,Yes,None,None
Peaty,49,Chattogram,Autumn,212.15,37.34,Unused,200,6.84,7.3,No,None,Vegetables
Loamy,69,Khulna,Summer,65.89,31.45,Unused,385,4.94,11.48,Yes,Moderate,Vegetables
Peaty,64,Rangpur,Summer,151.51,15.2,Unused,197,8.36,4.39,No,Low,Vegetables
Peaty,78,Dhaka,Summer,375.85,38.58,Residential,162,5.2,5.68,Yes,Moderate,Maize
Clay,59,Khulna,Monsoon,187.14,20.93,Barren,381,7.09,8.53,Yes,Low,Rice
Sandy,44,Sylhet,Autumn,241.35,17.69,Barren,267,5.48,8.92,No,Moderate,Vegetables
Silt,40,Khulna,Autumn,236.21,34.2,Agricultural,146,7.37,4.32,Yes,Moderate,Rice
Silt,69,Rangpur,Winter,256.65,27.51,Agricultural,282,7.61,7.22,No,Moderate,Wheat
Clay,88,Khulna,Monsoon,71.47,25.84,Agricultural,59,7.19,9.19,No,Low,Tea
Peaty,42,Rajshahi,Summer,176.76,21.24,Agricultural,431,6.96,9.58,No,Moderate,Tea
Loamy,84,Rangpur,Monsoon,303.09,28.69,Barren,435,8.07,9.11,Yes,None,Rice
Peaty,53,Barishal,Autumn,120.2,21.86,Unused,374,4.81,6.56,Yes,Moderate,Rice
Clay,95,Sylhet,Autumn,121.25,37.54,Unused,274,5.82,4.75,Yes,None,Tea
Silt,69,Rajshahi,Winter,53.53,20.38,Residential,162,5.49,7.42,Yes,High,Vegetables
Peaty,89,Barishal,Winter,203.12,37.11,Unused,259,8.45,5.03,No,High,Jute
Silt,43,Khulna,Autumn,358.96,28.99,Barren,247,6.06,11.58,Yes,Low,Jute
Loamy,57,Rangpur,Summer,68.17,35.71,Barren,360,7.43,7.8,Yes,Low,Maize
Silt,76,Sylhet,Summer,116.89,32.82,Barren,217,7.24,6.54,No,High,None
Silt,64,Rajshahi,Monsoon,158.53,32.42,Residential,84,5.35,10.13,No,Moderate,Tea
Sandy,87,Barishal,Autumn,306.1,23.11,Agricultural,407,5.46,7.98,Yes,Moderate,Tea
Sandy,40,Barishal,Autumn,274.22,20.85,Unused,30,5.63,6.48,No,Moderate,Maize
Sandy,92,Sylhet,Summer,195.58,20.27,Barren,127,6.14,10.5,No,High,Jute
Silt,85,Chattogram,Summer,315.67,36.43,Barren,45,5.44,10.94,No,None,Wheat
Clay,54,Khulna,Autumn,263.37,35.51,Agricultural,464,4.58,9.38,No,Low,Vegetables
Silt,48,Sylhet,Winter,363.61,26.01,Barren,440,8.02,4.38,No,None,Vegetables
Clay,54,Barishal,Autumn,336.31,18.31,Unused,170,8.36,8.53,Yes,High,Wheat
Clay,88,Dhaka,Autumn,138.48,24.56,Residential,240,5.87,10.11,Yes,None,Wheat
Sandy,96,Rajshahi,Summer,145.0,30.48,Barren,360,5.85,5.09,Yes,Moderate,Jute
Peaty,63,Sylhet,Summer,93.87,26.36,Unused,256,4.53,5.83,Yes,Moderate,Maize
Loamy,43,Chattogram,Winter,167.94,34.5,Barren,256,7.22,11.06,Yes,None,Wheat
Sandy,51,Barishal,Winter,399.84,39.94,Agricultural,238,7.8,4.16,Yes,High,Maize
Sandy,98,Khulna,Monsoon,192.01,19.78,Barren,443,5.09,10.02,Yes,None,None
Peaty,97,Barishal,Autumn,127.17,26.49,Barren,480,5.14,7.79,No,Moderate,Rice
Loamy,76,Khulna,Summer,316.87,25.77,Residential,170,7.66,7.57,Yes,Moderate,Vegetables
Silt,100,Sylhet,Winter,239.86,22.61,Agricultural,142,6.97,4.06,Yes,High,Jute
Silt,76,Khulna,Monsoon,102.36,19.95,Agricultural,163,4.68,10.56,Yes,None,Vegetables
Sandy,82,Rangpur,Monsoon,183.24,16.64,Residential,497,6.99,6.88,No,Moderate,Jute
Loamy,99,Rangpur,Summer,195.06,37.18,Barren,208,5.74,8.33,Yes,Moderate,Rice
Sandy,45,Rangpur,Summer,313.84,25.5,Unused,274,5.97,9.42,Yes,None,Vegetables
Clay,78,Chattogram,Monsoon,57.23,27.42,Agricultural,87,7.58,9.62,No,None,Rice
Sandy,95,Chattogram,Winter,144.16,37.92,Agricultural,123,7.74,11.65,Yes,Low,Jute
Sandy,85,Dhaka,Monsoon,231.16,34.41,Barren,355,6.1,8.25,Yes,High,Wheat
Silt,63,Chattogram,Autumn,144.1,18.26,Barren,178,8.29,7.2,No,High,None
Silt,50,Sylhet,Autumn,269.95,29.14,Agricultural,328,6.13,11.63,Yes,None,Vegetables
Silt,52,Barishal,Summer,218.65,26.06,Barren,381,7.59,9.14,No,High,Rice
Clay,73,Barishal,Winter,176.6,34.93,Unused,428,6.44,6.39,Yes,Moderate,Tea
Silt,64,Dhaka,Winter,382.22,33.11,Agricultural,319,8.09,5.01,Yes,None,Vegetables
Loamy,46,Chattogram,Autumn,271.26,32.26,Unused,415,8.13,10.74,Yes,None,Vegetables
Peaty,91,Khulna,Monsoon,95.48,23.51,Unused,109,4.85,6.9,No,None,Vegetables
Loamy,43,Dhaka,Summer,246.03,35.12,Barren,376,8.25,9.28,No,Low,Maize
Loamy,98,Khulna,Monsoon,323.26,16.31,Unused,275,7.8,7.77,No,High,Rice
Silt,47,Khulna,Monsoon,297.97,18.99,Barren,372,7.67,5.59,Yes,Low,Rice
Peaty,59,Rajshahi,Monsoon,110.23,23.39,Residential,239,5.3,8.81,Yes,Moderate,Vegetables
Peaty,68,Barishal,Winter,390.35,16.92,Barren,28,7.72,4.49,No,High,Wheat
Peaty,93,Rangpur,Autumn,207.08,20.87,Unused,31,7.9,7.31,No,Low,Vegetables
Clay,92,Chattogram,Winter,105.66,35.75,Residential,344,5.66,8.37,Yes,None,Maize
Silt,90,Khulna,Autumn,113.07,38.71,Barren,457,8.31,7.49,Yes,Low,Jute
Peaty,84,Rajshahi,Summer,84.38,22.62,Unused,263,4.7,9.99,Yes,None,Maize
Clay,85,Barishal,Summer,331.23,21.61,Agricultural,201,5.1,10.62,Yes,Low,Wheat
Sandy,49,Rangpur,Monsoon,92.71,22.0,Agricultural,303,6.65,10.17,No,Low,Vegetables
Sandy,82,Khulna,Autumn,93.79,21.94,Barren,331,6.8,4.31,Yes,Low,Rice
Clay,73,Khulna,Autumn,347.67,15.9,Barren,118,7.08,5.55,Yes,None,None
Clay,96,Dhaka,Autumn,170.61,38.17,Agricultural,216,4.57,8.29,Yes,Low,Tea
Silt,65,Dhaka,Monsoon,60.8,20.34,Unused,385,8.34,11.48,Yes,High,Vegetables
Silt,80,Barishal,Monsoon,68.16,25.5,Unused,245,4.68,10.68,Yes,High,Wheat
Sandy,88,Rangpur,Summer,99.76,15.24,Unused,352,5.07,10.74,Yes,High,Rice
Peaty,97,Khulna,Winter,124.69,36.45,Barren,122,4.56,6.43,Yes,None,Maize
Sandy,42,Barishal,Autumn,282.8,33.28,Residential,125,6.77,7.44,No,None,Jute
Peaty,95,Barishal,Autumn,105.06,38.67,Residential,384,8.23,7.77,No,High,Jute
Peaty,45,Sylhet,Winter,91.61,34.54,Residential,387,7.16,5.26,No,High,None
Silt,44,Chattogram,Autumn,317.65,22.84,Residential,77,7.79,4.25,Yes,High,Vegetables
Loamy,44,Dhaka,Monsoon,284.87,21.2,Residential,97,4.55,11.58,No,Moderate,Maize
Loamy,93,Rangpur,Monsoon,202.36,32.44,Barren,94,6.67,5.93,Yes,High,None
Clay,86,Khulna,Autumn,242.26,24.1,Barren,61,6.34,5.92,Yes,Low,Tea
Silt,62,Barishal,Monsoon,159.19,29.16,Residential,441,6.5,4.67,Yes,Moderate,Tea
Peaty,88,Khulna,Monsoon,218.88,15.16,Barren,343,4.79,11.43,Yes,Moderate,None
Loamy,48,Sylhet,Autumn,227.34,16.55,Barren,200,7.24,8.64,No,None,Wheat
Peaty,74,Rangpur,Summer,185.53,28.38,Residential,52,6.51,9.34,Yes,Low,Jute
Loamy,59,Barishal,Winter,367.3,29.15,Unused,90,7.56,11.29,Yes,None,Maize
Loamy,97,Khulna,Monsoon,55.62,33.79,Barren,75,6.44,6.76,No,None,Vegetables
Loamy,88,Dhaka,Summer,323.76,18.3,Unused,124,5.1,8.97,No,Low,Rice
Silt,100,Chattogram,Monsoon,93.53,27.83,Barren,219,7.09,4.31,No,None,Vegetables
Sandy,98,Sylhet,Monsoon,329.14,19.86,Barren,120,5.19,5.49,Yes,Low,Vegetables
Peaty,81,Rangpur,Winter,265.57,17.33,Residential,275,7.99,10.65,No,Low,Maize
Silt,74,Sylhet,Monsoon,345.15,25.26,Barren,326,6.95,10.13,Yes,None,Jute
Silt,89,Dhaka,Winter,84.13,19.08,Agricultural,93,5.13,6.81,Yes,High,Maize
Silt,57,Rangpur,Winter,245.64,20.54,Agricultural,190,8.35,7.01,No,None,Rice
Silt,56,Sylhet,Winter,225.38,22.94,Residential,396,6.57,8.27,No,Moderate,None
Silt,63,Rajshahi,Summer,297.17,21.48,Unused,162,4.79,4.0,No,None,Maize
Clay,42,Dhaka,Autumn,237.0,17.19,Unused,185,7.01,5.93,Yes,Low,Wheat
Peaty,71,Dhaka,Summer,239.26,17.25,Unused,418,5.51,5.67,Yes,Moderate,Vegetables
Silt,74,Dhaka,Autumn,200.36,19.83,Agricultural,280,7.71,6.0,Yes,Low,Jute
Peaty,77,Rajshahi,Autumn,158.09,16.26,Unused,240,7.77,10.45,Yes,High,Tea
Clay,52,Rajshahi,Winter,218.79,30.66,Unused,102,8.42,6.24,Yes,High,Rice
Clay,95,Khulna,Monsoon,91.47,22.18,Residential,201,6.51,5.53,Yes,Moderate,Tea
Peaty,100,Barishal,Winter,386.53,21.99,Unused,326,6.32,8.03,No,High,Vegetables
Loamy,86,Chattogram,Monsoon,300.04,23.3,Agricultural,29,7.51,10.93,Yes,High,Maize
Sandy,64,Sylhet,Autumn,383.36,31.57,Agricultural,415,5.03,5.93,No,None,Tea
Loamy,48,Khulna,Winter,129.35,36.77,Agricultural,23,6.69,4.63,No,None,Wheat
Loamy,43,Sylhet,Monsoon,357.77,33.98,Residential,370,6.68,6.85,No,High,Maize
Loamy,53,Chattogram,Summer,333.08,33.19,Residential,421,4.86,9.98,No,High,Vegetables
Silt,76,Barishal,Monsoon,287.0,27.11,Barren,355,6.17,8.41,No,None,Tea
Clay,73,Rajshahi,Winter,268.76,32.35,Unused,311,7.91,10.53,Yes,High,None
Loamy,50,Barishal,Summer,160.79,28.82,Residential,300,7.92,11.68,Yes,High,Rice
Clay,80,Rajshahi,Monsoon,335.74,20.41,Agricultural,234,4.9,10.34,Yes,Low,Tea
Peaty,95,Chattogram,Monsoon,225.53,20.21,Agricultural,479,4.86,8.83,Yes,High,None
Sandy,42,Barishal,Monsoon,74.81,22.41,Residential,117,5.55,7.95,No,Moderate,None
Peaty,98,Khulna,Monsoon,159.5,37.77,Residential,439,8.0,4.32,No,Low,Tea
Peaty,67,Rangpur,Monsoon,377.35,28.69,Residential,120,5.02,11.87,No,Moderate,Jute
Silt,68,Khulna,Summer,347.74,33.35,Barren,470,7.38,7.07,Yes,High,Tea
Sandy,48,Sylhet,Autumn,393.67,23.66,Agricultural,28,4.9,5.22,Yes,None,Vegetables
Peaty,42,Khulna,Summer,269.8,25.19,Barren,80,6.99,9.33,Yes,Low,None
Peaty,64,Chattogram,Summer,136.63,18.14,Barren,328,5.92,6.27,Yes,None,Rice
Sandy,73,Dhaka,Summer,106.99,19.28,Unused,165,7.66,8.69,No,Low,Vegetables
Sandy,51,Sylhet,Autumn,115.42,35.68,Agricultural,446,5.43,8.69,No,None,Wheat
Peaty,81,Barishal,Winter,56.93,29.62,Agricultural,438,7.06,7.57,Yes,Low,Maize
Sandy,48,Sylhet,Autumn,186.74,23.44,Residential,82,5.44,10.69,Yes,Low,Tea
Peaty,54,Rangpur,Summer,117.0,35.07,Residential,140,7.35,6.12,No,Moderate,Jute
Peaty,79,Rajshahi,Monsoon,194.08,21.16,Unused,245,7.99,7.59,No,None,Rice
Silt,64,Barishal,Monsoon,377.25,39.4,Barren,124,5.01,8.3,No,Moderate,Jute
Loamy,44,Sylhet,Summer,200.69,23.62,Residential,481,7.97,9.31,No,Moderate,Jute
Peaty,50,Barishal,Monsoon,357.29,23.43,Residential,279,6.87,10.27,Yes,None,Jute
Clay,98,Barishal,Summer,261.93,22.8,Agricultural,368,5.01,7.16,No,Low,Tea
Loamy,73,Barishal,Monsoon,136.5,18.05,Agricultural,444,6.21,9.17,No,Moderate,Rice
Loamy,63,Rajshahi,Autumn,174.55,17.78,Residential,274,5.14,5.2,No,None,Rice
Loamy,99,Chattogram,Winter,79.37,31.2,Agricultural,448,7.3,11.46,No,Low,None
Silt,54,Khulna,Winter,166.71,36.88,Unused,453,7.54,7.06,Yes,Moderate,Jute
Peaty,77,Barishal,Autumn,287.14,34.76,Residential,226,4.92,9.84,Yes,Moderate,None
Silt,47,Dhaka,Autumn,75.24,18.53,Agricultural,47,6.52,4.16,Yes,Moderate,None
Peaty,98,Chattogram,Summer,121.89,28.64,Unused,189,7.76,5.64,Yes,Low,Maize
Silt,44,Rangpur,Summer,183.5,17.64,Agricultural,355,8.24,7.9,Yes,Moderate,Tea
Silt,87,Rajshahi,Summer,393.72,16.13,Agricultural,95,6.55,11.03,Yes,Low,Tea
Clay,65,Sylhet,Monsoon,324.7,31.41,Agricultural,135,8.3,8.22,No,High,Vegetables
Silt,57,Rajshahi,Summer,306.72,28.38,Residential,88,6.64,11.44,No,Moderate,None
Sandy,45,Sylhet,Autumn,90.67,17.05,Barren,373,6.08,7.87,No,High,Tea
Clay,76,Rajshahi,Winter,323.35,15.87,Agricultural,253,7.89,7.92,No,None,Jute
Silt,99,Sylhet,Monsoon,324.84,39.74,Unused,20,6.47,4.96,Yes,Moderate,Wheat
Loamy,87,Barishal,Summer,260.39,15.75,Residential,186,6.39,10.42,No,None,Jute
Sandy,52,Khulna,Monsoon,396.63,26.11,Residential,371,6.46,5.98,Yes,None,Rice
Sandy,67,Sylhet,Monsoon,163.84,27.62,Unused,237,7.89,11.2,No,None,Tea
Sandy,44,Sylhet,Summer,379.45,17.93,Agricultural,292,7.83,11.29,No,High,Tea
Clay,52,Dhaka,Monsoon,370.16,19.23,Barren,387,6.11,11.55,No,Low,Vegetables
Silt,56,Sylhet,Winter,54.02,23.8,Agricultural,270,5.83,8.16,Yes,High,None
Silt,89,Dhaka,Autumn,207.54,34.04,Unused,366,6.47,9.42,No,High,Wheat
Loamy,79,Rangpur,Autumn,391.99,27.68,Residential,363,6.79,10.23,Yes,None,Tea
Loamy,84,Barishal,Winter,86.09,30.95,Barren,438,5.45,5.05,Yes,Moderate,Vegetables
Sandy,71,Dhaka,Monsoon,241.72,39.63,Residential,193,7.68,8.81,No,Low,Vegetables
Loamy,68,Khulna,Summer,392.64,34.2,Unused,189,6.45,4.27,Yes,None,Wheat
Clay,90,Chattogram,Monsoon,244.42,25.86,Agricultural,265,5.84,7.98,Yes,Low,Jute
Silt,97,Barishal,Winter,116.44,26.16,Barren,442,4.93,5.24,No,High,Jute
Sandy,42,Dhaka,Monsoon,253.76,30.47,Residential,109,5.46,5.46,No,Low,Jute
Loamy,95,Barishal,Autumn,121.55,31.63,Residential,68,8.3,6.92,No,Low,Maize
Clay,79,Barishal,Monsoon,231.9,27.52,Residential,465,5.72,7.46,No,Moderate,None
Clay,73,Barishal,Winter,75.91,31.12,Agricultural,313,5.18,8.99,No,None,None
Loamy,79,Rangpur,Autumn,261.92,15.59,Barren,426,6.34,4.6,No,Low,Jute
Silt,66,Khulna,Monsoon,230.88,25.74,Agricultural,169,5.73,8.03,Yes,Low,Wheat
Loamy,52,Rajshahi,Monsoon,309.06,21.97,Agricultural,151,4.64,5.46,No,High,Maize
Sandy,84,Rajshahi,Autumn,270.75,18.23,Agricultural,452,5.79,8.59,No,High,None
Loamy,72,Dhaka,Summer,242.36,17.49,Unused,78,6.68,9.1,Yes,Low,Jute
Clay,45,Barishal,Autumn,291.42,30.08,Unused,476,6.71,8.45,No,None,Maize
Loamy,63,Dhaka,Summer,100.38,28.09,Unused,343,5.93,9.91,Yes,Low,Wheat
Silt,58,Rangpur,Winter,258.38,21.34,Barren,218,6.29,6.68,No,Low,Jute
Peaty,55,Rangpur,Winter,110.24,26.77,Agricultural,234,8.36,10.12,No,Moderate,Rice
Loamy,79,Sylhet,Autumn,373.93,27.31,Agricultural,405,6.01,7.46,Yes,None,Tea
Silt,67,Rangpur,Autumn,73.92,19.88,Unused,68,5.53,7.87,No,Moderate,Wheat
Silt,72,Sylhet,Winter,200.63,31.3,Agricultural,491,5.47,9.18,Yes,None,Vegetables
Clay,98,Khulna,Summer,293.53,34.52,Agricultural,251,6.33,4.15,No,None,Vegetables
Silt,98,Dhaka,Winter,210.31,34.79,Residential,266,7.54,9.23,No,None,Wheat
Silt,87,Chattogram,Autumn,82.23,30.06,Agricultural,401,5.32,8.95,Yes,Moderate,Vegetables
Silt,80,Khulna,Winter,243.68,27.79,Residential,498,7.34,6.48,No,Moderate,None
Silt,52,Rangpur,Autumn,274.57,16.53,Agricultural,258,4.58,4.69,No,Moderate,Wheat
Sandy,82,Khulna,Autumn,296.33,22.2,Barren,434,6.18,4.73,Yes,High,Rice
Sandy,84,Khulna,Winter,180.64,17.33,Unused,386,7.6,11.39,No,Moderate,Wheat
Clay,64,Khulna,Summer,247.28,39.1,Residential,187,5.85,9.51,Yes,High,Jute
Loamy,92,Rangpur,Monsoon,207.74,18.38,Unused,67,6.75,5.02,No,High,Jute
Silt,81,Chattogram,Winter,285.22,18.79,Residential,70,5.32,6.85,Yes,High,Maize
Loamy,75,Barishal,Monsoon,254.24,37.24,Residential,318,7.47,8.74,No,Low,Vegetables
Loamy,66,Khulna,Winter,234.01,38.6,Residential,117,4.71,10.68,Yes,Low,Tea
Clay,77,Sylhet,Monsoon,137.33,34.15,Barren,458,7.91,4.35,Yes,Low,Vegetables
Silt,99,Rangpur,Summer,50.71,15.14,Agricultural,235,5.29,5.89,No,High,None
Silt,46,Khulna,Summer,110.93,15.03,Residential,196,8.0,11.12,No,High,Wheat
Peaty,44,Chattogram,Winter,90.97,24.45,Barren,399,5.91,4.07,Yes,None,Tea
Loamy,82,Barishal,Autumn,207.18,18.58,Residential,493,7.39,5.61,No,High,Tea
Loamy,84,Rangpur,Monsoon,264.29,15.46,Agricultural,99,5.78,11.67,Yes,Low,Vegetables
Sandy,97,Rajshahi,Autumn,124.58,26.6,Residential,204,8.12,8.91,No,High,Tea
Peaty,96,Barishal,Autumn,378.67,38.58,Barren,386,5.01,6.09,No,High,Tea
Sandy,90,Sylhet,Autumn,52.34,23.1,Agricultural,480,5.21,4.54,Yes,None,Jute
Sandy,70,Khulna,Summer,320.31,31.53,Barren,418,6.47,4.23,Yes,High,Rice
Sandy,62,Chattogram,Winter,268.82,31.31,Agricultural,46,4.83,5.96,No,Moderate,Wheat
Clay,81,Rajshahi,Winter,180.74,21.28,Agricultural,471,5.28,11.05,No,None,Vegetables
Clay,49,Chattogram,Summer,67.67,31.26,Unused,483,8.28,7.33,No,High,Jute
Sandy,71,Rajshahi,Summer,269.62,20.31,Unused,467,8.41,9.76,No,High,None
Peaty,82,Rangpur,Winter,184.96,18.05,Unused,497,6.01,11.35,No,None,None
Loamy,92,Rajshahi,Autumn,377.69,32.53,Agricultural,433,8.19,7.26,Yes,High,Maize
Peaty,69,Sylhet,Monsoon,239.7,17.84,Residential,439,6.68,5.53,No,Low,Tea
Silt,78,Sylhet,Monsoon,378.88,39.92,Barren,214,5.58,8.14,No,Moderate,Tea
Clay,70,Dhaka,Monsoon,127.17,19.59,Barren,233,7.31,11.26,Yes,Moderate,Vegetables
Loamy,57,Sylhet,Autumn,304.0,29.85,Barren,388,7.14,10.43,Yes,Low,Rice
Loamy,75,Barishal,Winter,266.04,25.28,Unused,361,8.46,4.53,Yes,High,Rice
Silt,41,Rajshahi,Summer,308.79,18.16,Agricultural,133,5.56,9.54,No,High,Vegetables
Silt,53,Sylhet,Winter,125.13,15.7,Unused,261,7.19,8.58,Yes,Moderate,Vegetables
Sandy,52,Rangpur,Autumn,282.75,30.57,Residential,143,4.71,11.26,Yes,High,Jute
Clay,68,Chattogram,Summer,224.31,35.17,Agricultural,324,4.95,4.98,Yes,Moderate,None
Clay,51,Chattogram,Autumn,309.99,36.05,Barren,95,4.52,8.27,Yes,Moderate,Vegetables
Peaty,78,Dhaka,Monsoon,164.47,27.07,Unused,330,8.5,11.04,No,Low,None
Sandy,41,Chattogram,Monsoon,361.52,34.44,Unused,488,7.71,7.28,No,Moderate,Maize
Sandy,71,Rajshahi,Autumn,79.51,31.82,Residential,331,7.65,7.86,No,High,None
Sandy,52,Dhaka,Summer,332.52,33.11,Residential,215,6.54,4.56,Yes,High,Jute
Sandy,85,Rajshahi,Summer,351.46,27.31,Unused,370,5.7,6.23,Yes,None,Tea
Clay,66,Rangpur,Winter,336.04,30.84,Residential,63,5.11,6.6,Yes,High,Tea
Clay,88,Dhaka,Monsoon,229.45,35.14,Barren,434,5.64,11.56,Yes,None,None
Sandy,80,Khulna,Winter,203.43,24.95,Residential,205,6.0,6.26,Yes,Moderate,Tea
Peaty,56,Barishal,Winter,398.69,35.15,Residential,362,7.53,7.69,Yes,High,Tea
Loamy,79,Barishal,Autumn,130.21,29.8,Unused,265,6.66,9.37,No,Low,Wheat
Loamy,70,Rajshahi,Autumn,241.41,19.15,Unused,456,4.81,5.3,No,Low,Maize
Peaty,73,Chattogram,Winter,284.74,15.62,Agricultural,103,4.57,7.89,Yes,Low,Jute
Sandy,99,Khulna,Monsoon,295.3,24.07,Agricultural,226,4.91,9.91,No,Moderate,Jute
Clay,63,Dhaka,Autumn,121.41,28.67,Unused,170,6.14,10.93,Yes,Moderate,Tea
Loamy,84,Khulna,Winter,278.9,36.0,Residential,175,8.23,9.01,Yes,None,Rice
Silt,74,Khulna,Winter,336.43,18.19,Residential,35,7.05,9.35,No,Low,Jute
Silt,87,Chattogram,Winter,67.51,35.01,Agricultural,184,7.71,5.01,Yes,None,Maize
Peaty,45,Dhaka,Winter,369.03,36.58,Agricultural,424,6.37,11.57,No,None,Vegetables
Sandy,58,Rangpur,Winter,60.33,18.77,Agricultural,482,5.95,5.06,Yes,High,Maize
Loamy,69,Chattogram,Winter,174.59,36.29,Barren,164,4.93,10.2,Yes,High,Tea
Sandy,46,Khulna,Autumn,55.53,39.79,Barren,56,8.0,6.12,No,Low,Tea
Loamy,49,Khulna,Monsoon,77.0,33.17,Agricultural,352,7.63,11.47,Yes,Moderate,Wheat
Peaty,80,Rangpur,Winter,368.91,34.62,Residential,422,5.17,9.76,Yes,High,None
Peaty,71,Khulna,Summer,174.2,39.86,Agricultural,433,6.55,10.03,Yes,Moderate,Jute
Silt,73,Khulna,Autumn,198.67,30.14,Barren,64,6.45,5.75,No,None,None
Sandy,67,Khulna,Autumn,125.37,22.7,Residential,421,7.0,7.54,Yes,None,None
Silt,99,Barishal,Winter,258.98,35.94,Barren,225,8.28,8.94,Yes,None,Jute
Sandy,54,Chattogram,Autumn,258.18,30.36,Residential,81,6.82,10.16,Yes,None,Jute
Silt,69,Sylhet,Winter,180.27,29.53,Barren,439,6.66,4.83,No,Low,Tea
Clay,76,Chattogram,Monsoon,166.56,21.34,Residential,375,4.7,11.7,No,None,Jute
Clay,68,Rangpur,Monsoon,359.74,33.91,Residential,487,4.75,11.12,No,High,Rice
Clay,61,Khulna,Autumn,184.15,17.04,Residential,327,5.25,6.16,No,None,Rice
Clay,43,Chattogram,Autumn,222.73,38.11,Residential,38,4.63,10.58,No,Moderate,Vegetables
Loamy,59,Barishal,Summer,149.16,23.15,Unused,384,7.47,8.15,Yes,High,Jute
Clay,71,Rangpur,Autumn,325.37,18.19,Barren,319,7.39,7.69,No,Moderate,Wheat
Peaty,75,Rajshahi,Summer,189.11,26.06,Barren,26,5.04,6.52,No,Moderate,Vegetables
Peaty,89,Chattogram,Monsoon,229.76,16.06,Unused,268,7.84,8.65,Yes,Low,Tea
Loamy,43,Rajshahi,Monsoon,138.68,32.12,Residential,447,5.12,9.84,No,Low,Jute
Clay,66,Khulna,Winter,395.68,37.57,Residential,136,5.7,7.29,Yes,Moderate,Rice
Clay,56,Barishal,Monsoon,152.02,35.93,Barren,87,5.5,9.03,No,Moderate,Wheat
Clay,51,Barishal,Summer,319.76,18.18,Unused,53,5.99,9.59,Yes,None,Vegetables
Silt,61,Chattogram,Autumn,199.62,18.16,Residential,213,5.52,9.69,Yes,High,Wheat
Sandy,56,Rangpur,Winter,122.18,35.34,Residential,344,6.46,4.42,No,None,Jute
Silt,49,Rangpur,Summer,329.9,38.11,Residential,74,6.13,10.88,No,Low,Maize
Sandy,93,Barishal,Autumn,166.76,26.52,Agricultural,285,8.45,7.67,Yes,Low,Wheat
Clay,40,Rangpur,Winter,352.82,27.47,Unused,499,4.72,6.1,Yes,None,Wheat
Clay,61,Barishal,Monsoon,370.34,22.96,Residential,61,5.07,5.93,Yes,High,Tea
Silt,65,Chattogram,Summer,350.94,37.36,Agricultural,316,4.71,7.86,Yes,Moderate,Rice
Silt,95,Sylhet,Autumn,62.25,31.12,Unused,480,7.0,11.09,Yes,None,Jute
Sandy,98,Barishal,Winter,325.58,22.21,Residential,250,4.72,7.03,Yes,Low,Wheat
Peaty,57,Rajshahi,Winter,193.97,22.47,Barren,472,7.85,10.0,Yes,High,Jute
Sandy,89,Rangpur,Monsoon,355.8,37.28,Agricultural,397,6.55,4.77,No,Low,Rice
Silt,53,Barishal,Autumn,273.28,15.34,Agricultural,413,6.61,7.81,Yes,High,Tea
Silt,86,Barishal,Monsoon,341.78,23.07,Residential,29,6.75,11.93,No,High,Jute
Loamy,68,Chattogram,Monsoon,224.8,28.86,Residential,377,5.18,10.16,No,High,None
Silt,51,Rangpur,Autumn,237.26,18.71,Agricultural,494,5.29,5.68,Yes,None,Rice
Loamy,75,Sylhet,Autumn,100.54,17.3,Barren,463,5.78,8.01,Yes,None,Rice
Peaty,98,Chattogram,Autumn,324.4,35.38,Barren,147,6.87,5.87,No,None,Vegetables
Sandy,74,Sylhet,Summer,196.79,37.36,Unused,198,5.34,7.28,Yes,High,Tea
Sandy,91,Chattogram,Autumn,225.03,35.59,Residential,424,4.97,10.24,Yes,High,Tea
Loamy,100,Rangpur,Winter,324.78,37.47,Barren,411,8.38,10.17,No,Low,None
Sandy,51,Dhaka,Monsoon,259.6,28.83,Unused,212,4.59,5.82,No,Moderate,Jute
Silt,46,Rangpur,Summer,120.38,35.31,Barren,111,7.71,11.38,No,None,Maize
Clay,68,Rangpur,Autumn,256.58,24.6,Residential,388,7.65,8.74,Yes,High,None
Loamy,50,Sylhet,Summer,192.67,31.66,Unused,250,5.69,7.04,Yes,Low,Vegetables
Sandy,72,Sylhet,Autumn,214.33,39.72,Unused,97,5.04,8.02,No,Low,Tea
Loamy,45,Rangpur,Summer,59.91,20.64,Unused,104,5.08,8.84,Yes,Low,Rice
Loamy,86,Rangpur,Monsoon,123.51,24.75,Barren,49,7.29,8.48,No,None,Tea
Clay,54,Rangpur,Monsoon,148.36,27.0,Residential,232,7.07,7.89,Yes,None,None
Silt,71,Sylhet,Winter,299.54,18.45,Unused,68,7.63,8.04,No,Moderate,Maize
Loamy,90,Rangpur,Winter,54.02,17.03,Agricultural,284,8.25,5.41,Yes,Low,Wheat
Sandy,50,Rangpur,Autumn,193.07,35.74,Residential,164,7.27,10.5,No,None,Wheat
Peaty,97,Khulna,Monsoon,373.41,39.42,Agricultural,88,5.12,8.33,Yes,Low,Tea
Loamy,62,Dhaka,Summer,89.16,25.12,Agricultural,77,5.47,5.05,Yes,High,Tea
Loamy,65,Rajshahi,Summer,230.75,17.19,Unused,204,7.87,10.13,No,Low,Vegetables
Clay,73,Dhaka,Summer,325.28,16.65,Unused,81,5.34,11.46,Yes,Moderate,Tea
Silt,85,Khulna,Winter,379.89,37.28,Barren,498,4.79,11.58,Yes,None,Maize
Peaty,73,Rajshahi,Summer,311.37,26.6,Barren,327,7.31,6.95,No,High,Tea
Sandy,68,Chattogram,Winter,302.2,23.0,Barren,464,6.11,5.08,Yes,None,Jute
Peaty,43,Rangpur,Winter,339.27,26.91,Residential,315,8.18,8.15,Yes,High,None
Sandy,56,Khulna,Autumn,206.17,22.96,Barren,185,7.1,4.9,Yes,Low,Maize
Silt,74,Chattogram,Summer,332.05,27.23,Agricultural,190,4.86,11.47,No,Low,Vegetables
Sandy,52,Rangpur,Summer,52.79,36.49,Barren,82,8.29,5.47,No,Moderate,Jute
Clay,80,Sylhet,Monsoon,373.6,29.81,Unused,166,5.53,6.02,No,Moderate,Jute
Clay,78,Barishal,Autumn,205.16,32.37,Barren,325,5.85,7.25,No,High,None
Clay,54,Khulna,Monsoon,243.68,24.12,Residential,180,6.11,7.07,No,Moderate,Wheat
Clay,94,Sylhet,Autumn,139.21,33.46,Residential,160,4.7,10.36,Yes,Moderate,Maize
Peaty,68,Khulna,Summer,309.89,31.67,Agricultural,353,6.49,7.65,Yes,Moderate,None
Silt,68,Khulna,Winter,76.82,17.99,Residential,116,4.99,5.37,No,Moderate,Jute
Sandy,50,Sylhet,Winter,355.42,29.32,Barren,465,6.1,6.14,Yes,Low,Vegetables
Sandy,91,Rajshahi,Winter,339.84,21.42,Unused,240,5.9,8.07,Yes,Moderate,None
Clay,71,Dhaka,Winter,125.62,35.1,Residential,62,7.59,5.18,Yes,Low,Wheat
Clay,41,Rangpur,Winter,333.26,25.65,Agricultural,452,7.71,8.89,Yes,Low,Jute
Loamy,86,Khulna,Monsoon,325.23,39.87,Barren,311,5.11,8.53,No,None,None
Silt,53,Rangpur,Autumn,271.28,17.31,Agricultural,397,5.97,9.72,No,Low,Maize
Peaty,59,Barishal,Summer,180.73,34.51,Residential,127,5.99,11.5,Yes,Low,Wheat
Sandy,61,Sylhet,Monsoon,145.02,31.84,Residential,285,5.11,11.3,Yes,Moderate,Maize
Loamy,50,Rangpur,Autumn,131.12,34.19,Agricultural,114,7.69,11.57,No,Low,Maize
Loamy,66,Sylhet,Winter,161.51,22.69,Barren,281,7.33,5.96,Yes,High,Maize
Sandy,42,Rangpur,Autumn,366.25,27.3,Residential,332,5.26,5.05,Yes,Moderate,None
Peaty,56,Dhaka,Autumn,77.17,34.91,Unused,404,5.97,6.42,Yes,Moderate,Wheat
Loamy,83,Dhaka,Winter,340.1,20.81,Residential,90,4.92,11.16,No,Moderate,None
Loamy,95,Dhaka,Winter,172.11,20.65,Barren,461,7.01,11.78,No,None,None
Silt,67,Dhaka,Winter,232.56,28.78,Residential,238,4.99,10.87,Yes,Moderate,None
Peaty,68,Dhaka,Summer,328.07,28.09,Agricultural,40,8.44,4.88,Yes,Low,Jute
Loamy,60,Dhaka,Winter,359.53,22.06,Residential,111,7.62,11.58,Yes,High,Tea
Peaty,86,Sylhet,Summer,170.67,22.45,Residential,146,6.06,7.39,Yes,Moderate,Rice
Sandy,55,Khulna,Winter,211.65,21.95,Barren,99,6.81,4.07,Yes,Moderate,Jute
Clay,76,Rangpur,Summer,195.08,34.29,Agricultural,331,8.15,7.54,Yes,High,Wheat
Loamy,98,Dhaka,Autumn,54.64,31.3,Barren,257,6.72,4.37,No,Moderate,Rice
Silt,59,Sylhet,Monsoon,153.58,35.81,Residential,490,5.2,8.35,No,None,Rice
Sandy,45,Sylhet,Autumn,210.72,39.39,Unused,391,6.01,6.71,Yes,Low,Rice
Peaty,58,Sylhet,Autumn,193.88,26.85,Residential,423,7.87,7.79,No,High,Tea
Sandy,96,Khulna,Winter,302.68,16.67,Barren,201,7.08,8.91,Yes,High,None
Loamy,44,Rangpur,Summer,184.68,16.2,Unused,44,7.1,10.95,Yes,None,Vegetables
Peaty,42,Khulna,Monsoon,221.28,22.39,Barren,175,7.97,9.3,No,Low,Wheat
Clay,98,Rajshahi,Winter,200.36,38.31,Barren,24,8.08,7.47,No,None,Tea
Sandy,40,Chattogram,Winter,309.22,28.08,Agricultural,139,8.18,10.56,Yes,Low,Tea
Loamy,97,Sylhet,Winter,352.04,21.79,Unused,296,4.88,11.24,Yes,None,Vegetables
Silt,99,Rajshahi,Autumn,236.16,24.98,Residential,37,6.68,4.96,No,Moderate,Rice
Peaty,77,Barishal,Summer,326.3,29.96,Barren,450,7.46,8.26,No,None,None
Sandy,54,Dhaka,Summer,153.88,31.32,Residential,217,7.53,6.28,Yes,High,Vegetables
Sandy,73,Chattogram,Monsoon,239.48,18.85,Agricultural,76,6.93,4.38,Yes,High,Vegetables
Clay,100,Dhaka,Summer,170.83,39.43,Agricultural,112,5.17,9.35,Yes,High,Tea
Clay,74,Khulna,Summer,194.97,28.62,Unused,38,7.69,10.9,No,None,Wheat
Silt,88,Chattogram,Winter,306.34,18.39,Agricultural,403,7.38,5.3,Yes,High,Maize
Silt,64,Rangpur,Winter,358.58,37.34,Agricultural,372,4.84,10.5,No,High,None
Loamy,63,Rajshahi,Autumn,92.52,16.87,Residential,212,6.36,10.83,Yes,Moderate,Vegetables
Loamy,51,Rangpur,Winter,272.12,37.69,Agricultural,256,5.2,11.31,No,Moderate,None
Silt,57,Khulna,Winter,253.75,39.91,Agricultural,406,5.85,6.12,No,Low,Vegetables
Silt,54,Dhaka,Winter,91.45,32.51,Barren,445,4.57,11.23,No,Low,Rice
Peaty,83,Chattogram,Winter,124.16,34.26,Agricultural,296,6.1,6.57,No,Low,None
Clay,55,Rangpur,Autumn,158.85,23.43,Barren,246,6.7,8.42,Yes,None,Rice
Loamy,66,Rangpur,Winter,108.43,38.54,Agricultural,252,6.98,4.4,No,Low,Tea
Clay,47,Dhaka,Monsoon,135.31,28.24,Agricultural,59,7.15,4.35,No,None,Rice
Clay,99,Chattogram,Monsoon,143.66,33.31,Unused,342,7.85,9.76,No,None,None
Silt,85,Rajshahi,Monsoon,167.49,38.1,Unused,172,5.36,7.56,Yes,Low,Jute
Peaty,64,Dhaka,Monsoon,312.29,39.38,Barren,146,4.98,6.05,Yes,Low,None
Sandy,56,Rangpur,Winter,250.17,35.83,Agricultural,256,7.91,5.52,Yes,None,Vegetables
Peaty,68,Rajshahi,Monsoon,395.19,22.58,Residential,74,5.13,9.36,Yes,Moderate,Rice
Peaty,92,Rajshahi,Winter,195.16,39.16,Unused,487,8.4,4.0,Yes,High,Wheat
Clay,47,Dhaka,Autumn,313.85,30.7,Residential,455,7.87,10.45,Yes,High,Jute
Peaty,54,Rangpur,Monsoon,355.01,38.27,Unused,191,6.5,4.63,No,High,Tea
Loamy,66,Khulna,Summer,287.64,31.9,Unused,128,8.43,5.53,No,Moderate,Maize
Clay,85,Rangpur,Monsoon,194.15,22.68,Agricultural,373,4.89,7.09,No,None,Vegetables
Loamy,89,Sylhet,Monsoon,313.76,24.25,Unused,488,5.71,7.88,Yes,Low,Vegetables
Sandy,91,Chattogram,Winter,121.28,28.76,Residential,203,7.05,6.84,No,None,Wheat
Clay,46,Barishal,Monsoon,164.64,34.75,Unused,458,5.9,6.57,No,None,Maize
Sandy,42,Khulna,Summer,241.34,22.95,Barren,387,8.21,11.71,Yes,Low,Maize
Clay,68,Rajshahi,Winter,251.39,29.49,Agricultural,490,4.76,9.13,No,Moderate,Tea
Silt,83,Khulna,Winter,57.75,23.64,Agricultural,217,6.7,4.19,Yes,High,Tea
Peaty,92,Chattogram,Autumn,380.79,35.39,Barren,390,6.86,7.44,No,High,Jute
Silt,63,Rajshahi,Autumn,293.82,26.67,Barren,392,7.11,11.0,Yes,None,Vegetables
Sandy,99,Chattogram,Monsoon,223.5,16.92,Barren,480,5.52,6.41,Yes,Moderate,Rice
Peaty,97,Rajshahi,Autumn,376.59,19.15,Unused,106,5.96,4.76,Yes,High,Tea
Clay,42,Khulna,Autumn,203.68,16.53,Agricultural,220,7.87,10.07,No,Moderate,Wheat
Peaty,59,Rajshahi,Autumn,393.15,27.48,Barren,356,5.28,8.85,No,Low,Wheat
Loamy,85,Rajshahi,Winter,229.3,17.66,Unused,341,7.81,8.56,Yes,None,Wheat
Peaty,54,Sylhet,Winter,90.0,17.85,Barren,294,6.75,4.43,Yes,None,None
Loamy,64,Rangpur,Winter,317.68,38.53,Residential,230,7.55,5.12,No,Moderate,Tea
Peaty,69,Rangpur,Autumn,287.61,36.82,Residential,410,7.35,8.98,No,High,Tea
Loamy,53,Barishal,Winter,320.55,26.3,Agricultural,137,5.33,5.66,Yes,Moderate,Wheat
Sandy,46,Barishal,Autumn,383.0,39.65,Unused,210,6.78,8.03,No,Low,Tea
Silt,56,Sylhet,Winter,321.77,15.0,Residential,61,7.97,8.36,No,High,None
Clay,83,Barishal,Winter,263.97,30.35,Residential,61,6.23,6.27,No,High,Rice
Peaty,59,Chattogram,Summer,350.06,30.41,Unused,334,8.37,11.59,Yes,Moderate,Rice
Silt,75,Khulna,Monsoon,285.64,26.44,Barren,295,6.31,10.74,Yes,Low,Jute
Clay,48,Dhaka,Autumn,192.84,24.92,Unused,348,5.07,9.78,No,High,Vegetables
Clay,77,Chattogram,Summer,359.97,26.38,Barren,36,6.06,4.62,Yes,None,Rice
Loamy,87,Dhaka,Winter,127.67,25.37,Residential,302,8.31,4.85,No,Low,Jute
Sandy,96,Dhaka,Autumn,300.12,33.26,Residential,450,5.78,7.94,No,High,Maize
Sandy,99,Sylhet,Winter,358.55,18.38,Residential,277,7.97,5.29,Yes,Moderate,Vegetables
Silt,61,Chattogram,Monsoon,305.96,19.94,Agricultural,82,8.03,11.83,Yes,High,Rice
Sandy,93,Sylhet,Summer,294.05,19.51,Agricultural,81,5.9,5.27,Yes,None,None
Peaty,92,Rajshahi,Monsoon,313.42,21.56,Agricultural,119,4.83,7.9,No,Low,Maize
Sandy,92,Dhaka,Summer,212.77,28.13,Unused,38,7.4,6.91,No,High,Jute
Silt,41,Khulna,Winter,355.96,17.78,Residential,36,5.75,9.12,Yes,None,Rice
Sandy,63,Barishal,Monsoon,121.2,36.7,Residential,344,7.63,5.03,Yes,High,Rice
Peaty,47,Khulna,Monsoon,94.59,22.43,Unused,442,6.27,7.44,Yes,High,Tea
Loamy,50,Barishal,Winter,149.93,19.06,Agricultural,485,6.44,6.2,No,Low,Maize
Silt,52,Dhaka,Monsoon,236.05,31.89,Unused,392,7.61,11.1,No,Moderate,Rice
Loamy,56,Dhaka,Autumn,228.7,15.95,Agricultural,265,6.03,4.32,No,Moderate,Wheat
Loamy,47,Dhaka,Summer,337.21,30.5,Residential,270,6.27,11.31,Yes,None,None
Loamy,60,Sylhet,Summer,191.6,32.45,Barren,474,6.0,10.66,Yes,None,Tea
Clay,57,Chattogram,Summer,219.52,20.37,Agricultural,100,5.97,6.38,No,None,Tea
Clay,69,Barishal,Autumn,54.68,16.05,Residential,58,6.6,10.31,Yes,Low,Rice
Loamy,57,Chattogram,Summer,193.41,24.09,Residential,55,7.74,4.25,Yes,Moderate,None
Silt,85,Sylhet,Winter,276.72,17.46,Barren,443,5.95,11.73,Yes,None,Tea
Peaty,86,Sylhet,Monsoon,55.43,17.91,Residential,448,6.6,8.21,Yes,None,Vegetables
Peaty,70,Rangpur,Autumn,148.31,21.36,Residential,407,7.18,6.43,No,High,Maize
Sandy,77,Khulna,Summer,122.78,22.39,Agricultural,428,5.58,6.9,Yes,High,Vegetables
Silt,71,Khulna,Winter,64.69,28.25,Agricultural,216,5.61,4.53,No,None,Jute
Clay,50,Rajshahi,Monsoon,217.74,31.96,Barren,177,8.23,11.91,No,High,Vegetables
Loamy,84,Sylhet,Monsoon,113.6,29.82,Barren,223,7.39,4.31,Yes,High,None
Sandy,64,Barishal,Autumn,310.08,18.71,Residential,215,6.81,9.24,No,High,Wheat
Peaty,72,Rangpur,Autumn,346.77,19.3,Agricultural,235,7.09,7.54,No,Low,Tea
Clay,99,Rangpur,Autumn,240.95,36.97,Barren,304,4.62,11.59,Yes,None,None
Clay,77,Chattogram,Winter,393.6,28.96,Barren,476,6.97,5.97,No,None,Tea
Loamy,80,Khulna,Winter,207.67,36.75,Unused,215,6.54,8.26,No,High,Wheat
Peaty,47,Sylhet,Autumn,229.68,24.29,Barren,326,6.68,7.86,No,Low,Tea
Silt,50,Rajshahi,Summer,396.23,30.36,Residential,171,5.94,9.62,No,High,Vegetables
Clay,61,Sylhet,Monsoon,131.04,28.09,Agricultural,33,4.83,4.54,No,Low,Jute
Loamy,90,Chattogram,Monsoon,379.89,22.98,Barren,344,5.27,5.55,No,None,Rice
Silt,63,Dhaka,Winter,64.99,26.75,Unused,165,8.3,5.72,No,High,Wheat
Peaty,80,Sylhet,Monsoon,206.24,27.56,Agricultural,445,6.13,9.91,No,None,Vegetables
Clay,56,Chattogram,Summer,74.5,20.02,Barren,76,6.37,5.51,Yes,Low,None
Silt,51,Dhaka,Monsoon,305.23,22.88,Unused,230,4.71,8.59,Yes,Moderate,Vegetables
Silt,96,Dhaka,Winter,262.94,34.79,Barren,287,4.65,5.72,Yes,Low,Vegetables
Silt,85,Rajshahi,Winter,297.32,37.89,Agricultural,229,7.37,10.89,No,Moderate,Rice
Clay,71,Barishal,Summer,181.07,23.99,Agricultural,36,6.65,11.54,No,None,Maize
Clay,54,Khulna,Summer,179.32,22.67,Agricultural,305,6.53,8.15,No,None,Tea
Sandy,55,Sylhet,Monsoon,65.86,19.88,Residential,363,5.47,6.82,Yes,High,Tea
Peaty,93,Dhaka,Monsoon,172.48,31.96,Barren,222,7.48,5.87,Yes,Moderate,None
Loamy,61,Sylhet,Winter,375.25,23.08,Residential,118,5.17,4.4,Yes,Low,Jute
Silt,67,Barishal,Summer,182.73,39.69,Agricultural,298,5.26,6.15,No,None,None
Sandy,59,Khulna,Summer,340.98,23.14,Unused,228,6.34,9.23,Yes,Moderate,Maize
Loamy,72,Barishal,Summer,344.81,24.85,Barren,148,5.65,8.27,Yes,Low,Tea
Sandy,49,Khulna,Monsoon,180.63,30.08,Residential,354,5.49,11.55,No,Moderate,Jute
Clay,79,Rangpur,Summer,271.2,35.04,Barren,307,7.08,7.17,Yes,Low,None
Silt,71,Khulna,Winter,83.38,26.74,Unused,271,7.1,9.55,No,Low,Jute
Loamy,89,Rajshahi,Winter,86.29,25.57,Residential,284,7.8,7.91,Yes,Low,Vegetables
Loamy,99,Barishal,Monsoon,67.03,39.89,Agricultural,290,6.17,8.1,No,Low,Wheat
Loamy,72,Dhaka,Autumn,253.36,15.26,Residential,431,4.79,6.14,No,Moderate,Vegetables
Loamy,41,Rangpur,Monsoon,199.12,37.38,Barren,427,5.59,7.64,No,Moderate,Rice
Loamy,72,Rajshahi,Autumn,241.81,18.73,Barren,207,8.42,7.77,No,High,Tea
Sandy,72,Sylhet,Summer,232.38,34.65,Barren,438,6.89,9.65,No,Moderate,Jute
Silt,80,Barishal,Monsoon,172.57,30.45,Barren,233,7.34,11.53,Yes,Moderate,None
Clay,52,Chattogram,Winter,287.12,23.55,Agricultural,302,4.53,6.63,No,High,Wheat
Clay,69,Chattogram,Summer,315.48,36.85,Residential,230,6.57,4.34,No,Moderate,None
Clay,72,Dhaka,Winter,55.12,15.32,Agricultural,384,4.65,7.97,No,Low,Tea
Clay,52,Khulna,Summer,122.53,20.67,Agricultural,95,6.78,8.36,No,None,Jute
Sandy,91,Dhaka,Monsoon,299.63,29.17,Agricultural,167,8.18,5.35,Yes,None,Jute
Peaty,65,Chattogram,Autumn,185.32,23.79,Barren,340,8.37,10.08,No,High,Vegetables
Silt,61,Sylhet,Summer,281.87,30.26,Barren,232,6.66,11.88,Yes,Moderate,Wheat
Loamy,78,Rangpur,Autumn,171.44,15.6,Barren,452,6.33,11.57,No,Moderate,Wheat
Peaty,41,Rangpur,Summer,186.76,17.91,Residential,128,8.28,5.58,No,High,Tea
Clay,77,Barishal,Winter,105.54,18.18,Unused,148,7.19,11.0,Yes,None,Jute
Peaty,78,Rangpur,Winter,140.38,19.73,Barren,29,4.76,9.64,Yes,Low,Wheat
Silt,65,Barishal,Summer,261.89,26.48,Residential,66,6.36,7.63,Yes,Moderate,Wheat
Loamy,85,Barishal,Autumn,201.61,33.8,Barren,398,5.46,8.32,No,High,None
Loamy,97,Barishal,Monsoon,321.01,37.64,Barren,334,6.38,10.8,Yes,Low,Tea
Silt,89,Chattogram,Monsoon,348.4,35.88,Agricultural,115,6.32,7.84,No,High,Vegetables
Silt,54,Chattogram,Winter,239.58,19.92,Agricultural,465,6.83,6.99,Yes,High,None
Clay,73,Khulna,Monsoon,315.39,26.03,Agricultural,122,5.93,7.95,Yes,High,None
Loamy,81,Rajshahi,Winter,157.42,19.99,Residential,399,5.16,8.63,No,None,Maize
Peaty,94,Barishal,Monsoon,195.24,21.61,Unused,361,6.51,5.51,Yes,None,Rice
Sandy,83,Barishal,Summer,299.47,27.59,Unused,165,7.82,11.21,Yes,High,Maize
Sandy,88,Rajshahi,Winter,185.17,16.7,Residential,387,7.16,9.39,No,Moderate,Wheat
Silt,79,Dhaka,Winter,255.98,20.45,Barren,449,5.85,9.07,No,Low,Jute
Clay,50,Barishal,Summer,114.88,38.38,Residential,435,8.24,4.8,No,Moderate,Rice
Sandy,100,Khulna,Winter,259.92,26.65,Barren,46,8.15,8.83,Yes,None,Rice
Loamy,42,Rangpur,Monsoon,351.53,26.13,Residential,239,5.34,4.97,Yes,Low,Jute
Silt,98,Rangpur,Monsoon,354.02,15.36,Residential,37,4.66,4.63,Yes,High,Rice
Peaty,45,Sylhet,Winter,303.52,21.18,Residential,186,7.47,8.22,Yes,Moderate,Jute
Silt,48,Sylhet,Monsoon,311.01,36.66,Unused,452,7.81,7.22,Yes,Moderate,Rice
Peaty,45,Rangpur,Autumn,245.27,19.12,Agricultural,496,8.37,8.71,No,High,None
Silt,48,Rangpur,Winter,254.63,25.38,Residential,101,8.06,4.71,Yes,Moderate,Tea
Silt,78,Chattogram,Summer,96.78,15.36,Unused,447,6.9,7.45,No,None,Tea
Silt,70,Khulna,Autumn,205.35,26.96,Agricultural,91,6.62,5.4,Yes,High,Maize
Peaty,71,Rajshahi,Winter,207.77,15.53,Agricultural,329,4.61,11.9,No,Moderate,None
Peaty,80,Sylhet,Summer,385.47,35.49,Residential,498,5.49,8.49,Yes,High,Rice
Silt,89,Chattogram,Monsoon,200.88,35.62,Barren,273,6.34,9.5,Yes,Low,Vegetables
Sandy,51,Chattogram,Summer,242.27,34.69,Barren,181,7.01,6.6,No,High,Jute
Clay,47,Rajshahi,Autumn,236.64,22.08,Barren,346,6.73,4.76,Yes,Moderate,None
Clay,47,Chattogram,Monsoon,272.87,35.93,Residential,439,7.47,11.81,No,None,Rice
Clay,89,Khulna,Winter,311.88,28.57,Barren,421,5.62,6.29,Yes,High,Tea
Peaty,67,Rangpur,Monsoon,128.76,24.35,Unused,57,6.76,7.39,Yes,High,Tea
Peaty,59,Barishal,Winter,235.05,30.63,Unused,462,4.85,9.2,No,Moderate,Jute
Sandy,86,Rajshahi,Winter,339.07,15.31,Unused,412,6.15,4.2,Yes,None,Vegetables
Clay,98,Rangpur,Summer,212.09,18.57,Unused,220,7.5,10.48,No,None,Rice
Clay,46,Rangpur,Summer,147.46,33.56,Agricultural,219,7.27,8.29,Yes,Low,Rice
Silt,50,Dhaka,Summer,279.15,21.1,Unused,274,8.46,6.23,Yes,Low,Vegetables
Peaty,59,Rajshahi,Autumn,338.32,29.95,Barren,198,5.61,4.49,Yes,Moderate,Vegetables
Clay,55,Chattogram,Autumn,72.1,24.63,Residential,54,6.49,5.3,Yes,None,Vegetables
Sandy,43,Barishal,Summer,321.88,36.37,Barren,101,5.82,11.16,Yes,None,Tea
Sandy,45,Rajshahi,Autumn,337.58,38.81,Unused,408,6.26,9.49,Yes,Low,Jute
Clay,97,Chattogram,Monsoon,211.53,37.09,Agricultural,417,7.93,6.0,Yes,Low,None
Peaty,61,Rangpur,Monsoon,394.16,21.77,Unused,239,7.24,4.52,No,Moderate,Vegetables
Sandy,65,Barishal,Autumn,325.35,19.85,Residential,177,8.03,9.52,Yes,None,Jute
Silt,42,Chattogram,Autumn,320.78,26.86,Barren,23,5.31,8.58,Yes,High,Maize
Sandy,80,Khulna,Monsoon,311.74,15.18,Residential,186,7.99,7.24,Yes,Low,Rice
Loamy,99,Chattogram,Winter,102.71,15.65,Residential,487,4.74,6.91,No,Moderate,Rice
Loamy,81,Dhaka,Monsoon,126.03,28.83,Residential,467,8.05,5.73,No,None,Wheat
Peaty,53,Rangpur,Monsoon,212.4,28.01,Barren,428,5.82,9.36,Yes,None,Maize
Clay,50,Chattogram,Autumn,142.4,39.86,Unused,431,5.76,11.77,Yes,Low,None
